<>f__AnonymousType4`5;<>f__AnonymousType4`5.<IdEstudiante>i__Field;<>f__AnonymousType4`5.<IdAsignatura>i__Field;<>f__AnonymousType4`5.<IdArea>i__Field;<>f__AnonymousType4`5.<FinalPeriodo>i__Field;<>f__AnonymousType4`5.<DesempeñoPeriodo>i__Field;<>f__AnonymousType4`5.IdEstudiante;<>f__AnonymousType4`5.IdAsignatura;<>f__AnonymousType4`5.IdArea;<>f__AnonymousType4`5.FinalPeriodo;<>f__AnonymousType4`5.DesempeñoPeriodo
"{ IdEstudiante = 0001561121, IdAsignatura = 1002, IdArea = 10, FinalPeriodo = 4,0, DesempeñoPeriodo = ALTO }";0001561121;1002;10;4,0;ALTO;0001561121;1002;10;4,0;ALTO
"{ IdEstudiante = 0001561121, IdAsignatura = 2001, IdArea = 20, FinalPeriodo = 3,5, DesempeñoPeriodo = BASICO }";0001561121;2001;20;3,5;BASICO;0001561121;2001;20;3,5;BASICO
"{ IdEstudiante = 0001561121, IdAsignatura = 3001, IdArea = 30, FinalPeriodo = 4,0, DesempeñoPeriodo = ALTO }";0001561121;3001;30;4,0;ALTO;0001561121;3001;30;4,0;ALTO
"{ IdEstudiante = 0001561121, IdAsignatura = 4001, IdArea = 40, FinalPeriodo = 4,5, DesempeñoPeriodo = ALTO }";0001561121;4001;40;4,5;ALTO;0001561121;4001;40;4,5;ALTO
"{ IdEstudiante = 0001561121, IdAsignatura = 5001, IdArea = 50, FinalPeriodo = 4,0, DesempeñoPeriodo = ALTO }";0001561121;5001;50;4,0;ALTO;0001561121;5001;50;4,0;ALTO
"{ IdEstudiante = 0001561121, IdAsignatura = 6001, IdArea = 60, FinalPeriodo = 2,5, DesempeñoPeriodo = BAJO }";0001561121;6001;60;2,5;BAJO;0001561121;6001;60;2,5;BAJO
"{ IdEstudiante = 0001561121, IdAsignatura = 7001, IdArea = 70, FinalPeriodo = 3,8, DesempeñoPeriodo = BASICO }";0001561121;7001;70;3,8;BASICO;0001561121;7001;70;3,8;BASICO
"{ IdEstudiante = 0001561121, IdAsignatura = 7002, IdArea = 70, FinalPeriodo = 3,6, DesempeñoPeriodo = BASICO }";0001561121;7002;70;3,6;BASICO;0001561121;7002;70;3,6;BASICO
"{ IdEstudiante = 0001561121, IdAsignatura = 8002, IdArea = 80, FinalPeriodo = 2,7, DesempeñoPeriodo = BAJO }";0001561121;8002;80;2,7;BAJO;0001561121;8002;80;2,7;BAJO
"{ IdEstudiante = 0001561121, IdAsignatura = 8003, IdArea = 80, FinalPeriodo = 3,4, DesempeñoPeriodo = BASICO }";0001561121;8003;80;3,4;BASICO;0001561121;8003;80;3,4;BASICO
"{ IdEstudiante = 0001561121, IdAsignatura = 8004, IdArea = 80, FinalPeriodo = 3,4, DesempeñoPeriodo = BASICO }";0001561121;8004;80;3,4;BASICO;0001561121;8004;80;3,4;BASICO
"{ IdEstudiante = 0001561121, IdAsignatura = 9001, IdArea = 90, FinalPeriodo = 3,7, DesempeñoPeriodo = BASICO }";0001561121;9001;90;3,7;BASICO;0001561121;9001;90;3,7;BASICO
"{ IdEstudiante = 0001561122, IdAsignatura = 1002, IdArea = 10, FinalPeriodo = 3,5, DesempeñoPeriodo = BASICO }";0001561122;1002;10;3,5;BASICO;0001561122;1002;10;3,5;BASICO
"{ IdEstudiante = 0001561122, IdAsignatura = 2001, IdArea = 20, FinalPeriodo = 2,0, DesempeñoPeriodo = BAJO }";0001561122;2001;20;2,0;BAJO;0001561122;2001;20;2,0;BAJO
"{ IdEstudiante = 0001561122, IdAsignatura = 3001, IdArea = 30, FinalPeriodo = 4,0, DesempeñoPeriodo = ALTO }";0001561122;3001;30;4,0;ALTO;0001561122;3001;30;4,0;ALTO
"{ IdEstudiante = 0001561122, IdAsignatura = 4001, IdArea = 40, FinalPeriodo = 4,4, DesempeñoPeriodo = ALTO }";0001561122;4001;40;4,4;ALTO;0001561122;4001;40;4,4;ALTO
"{ IdEstudiante = 0001561122, IdAsignatura = 5001, IdArea = 50, FinalPeriodo = 4,0, DesempeñoPeriodo = ALTO }";0001561122;5001;50;4,0;ALTO;0001561122;5001;50;4,0;ALTO
"{ IdEstudiante = 0001561122, IdAsignatura = 6001, IdArea = 60, FinalPeriodo = 2,5, DesempeñoPeriodo = BAJO }";0001561122;6001;60;2,5;BAJO;0001561122;6001;60;2,5;BAJO
"{ IdEstudiante = 0001561122, IdAsignatura = 7001, IdArea = 70, FinalPeriodo = 2,0, DesempeñoPeriodo = BAJO }";0001561122;7001;70;2,0;BAJO;0001561122;7001;70;2,0;BAJO
"{ IdEstudiante = 0001561122, IdAsignatura = 7002, IdArea = 70, FinalPeriodo = 2,4, DesempeñoPeriodo = BAJO }";0001561122;7002;70;2,4;BAJO;0001561122;7002;70;2,4;BAJO
"{ IdEstudiante = 0001561122, IdAsignatura = 8002, IdArea = 80, FinalPeriodo = 1,0, DesempeñoPeriodo = BAJO }";0001561122;8002;80;1,0;BAJO;0001561122;8002;80;1,0;BAJO
"{ IdEstudiante = 0001561122, IdAsignatura = 8003, IdArea = 80, FinalPeriodo = 1,0, DesempeñoPeriodo = BAJO }";0001561122;8003;80;1,0;BAJO;0001561122;8003;80;1,0;BAJO
"{ IdEstudiante = 0001561122, IdAsignatura = 8004, IdArea = 80, FinalPeriodo = 1,0, DesempeñoPeriodo = BAJO }";0001561122;8004;80;1,0;BAJO;0001561122;8004;80;1,0;BAJO
"{ IdEstudiante = 0001561122, IdAsignatura = 9001, IdArea = 90, FinalPeriodo = 3,0, DesempeñoPeriodo = BASICO }";0001561122;9001;90;3,0;BASICO;0001561122;9001;90;3,0;BASICO
"{ IdEstudiante = 0001561128, IdAsignatura = 1002, IdArea = 10, FinalPeriodo = 4,7, DesempeñoPeriodo = SUPERIOR }";0001561128;1002;10;4,7;SUPERIOR;0001561128;1002;10;4,7;SUPERIOR
"{ IdEstudiante = 0001561128, IdAsignatura = 2001, IdArea = 20, FinalPeriodo = 4,6, DesempeñoPeriodo = SUPERIOR }";0001561128;2001;20;4,6;SUPERIOR;0001561128;2001;20;4,6;SUPERIOR
"{ IdEstudiante = 0001561128, IdAsignatura = 3001, IdArea = 30, FinalPeriodo = 4,0, DesempeñoPeriodo = ALTO }";0001561128;3001;30;4,0;ALTO;0001561128;3001;30;4,0;ALTO
"{ IdEstudiante = 0001561128, IdAsignatura = 4001, IdArea = 40, FinalPeriodo = 4,6, DesempeñoPeriodo = SUPERIOR }";0001561128;4001;40;4,6;SUPERIOR;0001561128;4001;40;4,6;SUPERIOR
"{ IdEstudiante = 0001561128, IdAsignatura = 5001, IdArea = 50, FinalPeriodo = 4,0, DesempeñoPeriodo = ALTO }";0001561128;5001;50;4,0;ALTO;0001561128;5001;50;4,0;ALTO
"{ IdEstudiante = 0001561128, IdAsignatura = 6001, IdArea = 60, FinalPeriodo = 5,0, DesempeñoPeriodo = SUPERIOR }";0001561128;6001;60;5,0;SUPERIOR;0001561128;6001;60;5,0;SUPERIOR
"{ IdEstudiante = 0001561128, IdAsignatura = 7001, IdArea = 70, FinalPeriodo = 4,6, DesempeñoPeriodo = SUPERIOR }";0001561128;7001;70;4,6;SUPERIOR;0001561128;7001;70;4,6;SUPERIOR
"{ IdEstudiante = 0001561128, IdAsignatura = 7002, IdArea = 70, FinalPeriodo = 4,6, DesempeñoPeriodo = SUPERIOR }";0001561128;7002;70;4,6;SUPERIOR;0001561128;7002;70;4,6;SUPERIOR
"{ IdEstudiante = 0001561128, IdAsignatura = 8002, IdArea = 80, FinalPeriodo = 4,7, DesempeñoPeriodo = SUPERIOR }";0001561128;8002;80;4,7;SUPERIOR;0001561128;8002;80;4,7;SUPERIOR
"{ IdEstudiante = 0001561128, IdAsignatura = 8003, IdArea = 80, FinalPeriodo = 4,0, DesempeñoPeriodo = ALTO }";0001561128;8003;80;4,0;ALTO;0001561128;8003;80;4,0;ALTO
"{ IdEstudiante = 0001561128, IdAsignatura = 8004, IdArea = 80, FinalPeriodo = 4,2, DesempeñoPeriodo = ALTO }";0001561128;8004;80;4,2;ALTO;0001561128;8004;80;4,2;ALTO
"{ IdEstudiante = 0001561128, IdAsignatura = 9001, IdArea = 90, FinalPeriodo = 4,0, DesempeñoPeriodo = ALTO }";0001561128;9001;90;4,0;ALTO;0001561128;9001;90;4,0;ALTO
"{ IdEstudiante = 0001561140, IdAsignatura = 1002, IdArea = 10, FinalPeriodo = 3,2, DesempeñoPeriodo = BASICO }";0001561140;1002;10;3,2;BASICO;0001561140;1002;10;3,2;BASICO
"{ IdEstudiante = 0001561140, IdAsignatura = 2001, IdArea = 20, FinalPeriodo = 2,0, DesempeñoPeriodo = BAJO }";0001561140;2001;20;2,0;BAJO;0001561140;2001;20;2,0;BAJO
"{ IdEstudiante = 0001561140, IdAsignatura = 3001, IdArea = 30, FinalPeriodo = 4,0, DesempeñoPeriodo = ALTO }";0001561140;3001;30;4,0;ALTO;0001561140;3001;30;4,0;ALTO
"{ IdEstudiante = 0001561140, IdAsignatura = 4001, IdArea = 40, FinalPeriodo = 4,2, DesempeñoPeriodo = ALTO }";0001561140;4001;40;4,2;ALTO;0001561140;4001;40;4,2;ALTO
"{ IdEstudiante = 0001561140, IdAsignatura = 5001, IdArea = 50, FinalPeriodo = 3,8, DesempeñoPeriodo = BASICO }";0001561140;5001;50;3,8;BASICO;0001561140;5001;50;3,8;BASICO
"{ IdEstudiante = 0001561140, IdAsignatura = 6001, IdArea = 60, FinalPeriodo = 3,4, DesempeñoPeriodo = BASICO }";0001561140;6001;60;3,4;BASICO;0001561140;6001;60;3,4;BASICO
"{ IdEstudiante = 0001561140, IdAsignatura = 7001, IdArea = 70, FinalPeriodo = 3,4, DesempeñoPeriodo = BASICO }";0001561140;7001;70;3,4;BASICO;0001561140;7001;70;3,4;BASICO
"{ IdEstudiante = 0001561140, IdAsignatura = 7002, IdArea = 70, FinalPeriodo = 4,0, DesempeñoPeriodo = ALTO }";0001561140;7002;70;4,0;ALTO;0001561140;7002;70;4,0;ALTO
"{ IdEstudiante = 0001561140, IdAsignatura = 8002, IdArea = 80, FinalPeriodo = 3,2, DesempeñoPeriodo = BASICO }";0001561140;8002;80;3,2;BASICO;0001561140;8002;80;3,2;BASICO
"{ IdEstudiante = 0001561140, IdAsignatura = 8003, IdArea = 80, FinalPeriodo = 3,8, DesempeñoPeriodo = BASICO }";0001561140;8003;80;3,8;BASICO;0001561140;8003;80;3,8;BASICO
"{ IdEstudiante = 0001561140, IdAsignatura = 8004, IdArea = 80, FinalPeriodo = 3,8, DesempeñoPeriodo = BASICO }";0001561140;8004;80;3,8;BASICO;0001561140;8004;80;3,8;BASICO
"{ IdEstudiante = 0001561140, IdAsignatura = 9001, IdArea = 90, FinalPeriodo = 3,2, DesempeñoPeriodo = BASICO }";0001561140;9001;90;3,2;BASICO;0001561140;9001;90;3,2;BASICO
"{ IdEstudiante = 0001561143, IdAsignatura = 1002, IdArea = 10, FinalPeriodo = 4,0, DesempeñoPeriodo = ALTO }";0001561143;1002;10;4,0;ALTO;0001561143;1002;10;4,0;ALTO
"{ IdEstudiante = 0001561143, IdAsignatura = 2001, IdArea = 20, FinalPeriodo = 2,5, DesempeñoPeriodo = BAJO }";0001561143;2001;20;2,5;BAJO;0001561143;2001;20;2,5;BAJO
"{ IdEstudiante = 0001561143, IdAsignatura = 3001, IdArea = 30, FinalPeriodo = 3,7, DesempeñoPeriodo = BASICO }";0001561143;3001;30;3,7;BASICO;0001561143;3001;30;3,7;BASICO
"{ IdEstudiante = 0001561143, IdAsignatura = 4001, IdArea = 40, FinalPeriodo = 4,6, DesempeñoPeriodo = SUPERIOR }";0001561143;4001;40;4,6;SUPERIOR;0001561143;4001;40;4,6;SUPERIOR
"{ IdEstudiante = 0001561143, IdAsignatura = 5001, IdArea = 50, FinalPeriodo = 4,0, DesempeñoPeriodo = ALTO }";0001561143;5001;50;4,0;ALTO;0001561143;5001;50;4,0;ALTO
"{ IdEstudiante = 0001561143, IdAsignatura = 6001, IdArea = 60, FinalPeriodo = 3,2, DesempeñoPeriodo = BASICO }";0001561143;6001;60;3,2;BASICO;0001561143;6001;60;3,2;BASICO
"{ IdEstudiante = 0001561143, IdAsignatura = 7001, IdArea = 70, FinalPeriodo = 4,0, DesempeñoPeriodo = ALTO }";0001561143;7001;70;4,0;ALTO;0001561143;7001;70;4,0;ALTO
"{ IdEstudiante = 0001561143, IdAsignatura = 7002, IdArea = 70, FinalPeriodo = 3,8, DesempeñoPeriodo = BASICO }";0001561143;7002;70;3,8;BASICO;0001561143;7002;70;3,8;BASICO
"{ IdEstudiante = 0001561143, IdAsignatura = 8002, IdArea = 80, FinalPeriodo = 3,2, DesempeñoPeriodo = BASICO }";0001561143;8002;80;3,2;BASICO;0001561143;8002;80;3,2;BASICO
"{ IdEstudiante = 0001561143, IdAsignatura = 8003, IdArea = 80, FinalPeriodo = 3,5, DesempeñoPeriodo = BASICO }";0001561143;8003;80;3,5;BASICO;0001561143;8003;80;3,5;BASICO
"{ IdEstudiante = 0001561143, IdAsignatura = 8004, IdArea = 80, FinalPeriodo = 3,5, DesempeñoPeriodo = BASICO }";0001561143;8004;80;3,5;BASICO;0001561143;8004;80;3,5;BASICO
"{ IdEstudiante = 0001561143, IdAsignatura = 9001, IdArea = 90, FinalPeriodo = 3,2, DesempeñoPeriodo = BASICO }";0001561143;9001;90;3,2;BASICO;0001561143;9001;90;3,2;BASICO
"{ IdEstudiante = 0001561152, IdAsignatura = 1002, IdArea = 10, FinalPeriodo = 3,0, DesempeñoPeriodo = BASICO }";0001561152;1002;10;3,0;BASICO;0001561152;1002;10;3,0;BASICO
"{ IdEstudiante = 0001561152, IdAsignatura = 2001, IdArea = 20, FinalPeriodo = 3,0, DesempeñoPeriodo = BASICO }";0001561152;2001;20;3,0;BASICO;0001561152;2001;20;3,0;BASICO
"{ IdEstudiante = 0001561152, IdAsignatura = 3001, IdArea = 30, FinalPeriodo = 4,0, DesempeñoPeriodo = ALTO }";0001561152;3001;30;4,0;ALTO;0001561152;3001;30;4,0;ALTO
"{ IdEstudiante = 0001561152, IdAsignatura = 4001, IdArea = 40, FinalPeriodo = 4,5, DesempeñoPeriodo = ALTO }";0001561152;4001;40;4,5;ALTO;0001561152;4001;40;4,5;ALTO
"{ IdEstudiante = 0001561152, IdAsignatura = 5001, IdArea = 50, FinalPeriodo = 4,0, DesempeñoPeriodo = ALTO }";0001561152;5001;50;4,0;ALTO;0001561152;5001;50;4,0;ALTO
"{ IdEstudiante = 0001561152, IdAsignatura = 6001, IdArea = 60, FinalPeriodo = 3,0, DesempeñoPeriodo = BASICO }";0001561152;6001;60;3,0;BASICO;0001561152;6001;60;3,0;BASICO
"{ IdEstudiante = 0001561152, IdAsignatura = 7001, IdArea = 70, FinalPeriodo = 3,6, DesempeñoPeriodo = BASICO }";0001561152;7001;70;3,6;BASICO;0001561152;7001;70;3,6;BASICO
"{ IdEstudiante = 0001561152, IdAsignatura = 7002, IdArea = 70, FinalPeriodo = 4,0, DesempeñoPeriodo = ALTO }";0001561152;7002;70;4,0;ALTO;0001561152;7002;70;4,0;ALTO
"{ IdEstudiante = 0001561152, IdAsignatura = 8002, IdArea = 80, FinalPeriodo = 4,0, DesempeñoPeriodo = ALTO }";0001561152;8002;80;4,0;ALTO;0001561152;8002;80;4,0;ALTO
"{ IdEstudiante = 0001561152, IdAsignatura = 8003, IdArea = 80, FinalPeriodo = 4,2, DesempeñoPeriodo = ALTO }";0001561152;8003;80;4,2;ALTO;0001561152;8003;80;4,2;ALTO
"{ IdEstudiante = 0001561152, IdAsignatura = 8004, IdArea = 80, FinalPeriodo = 4,2, DesempeñoPeriodo = ALTO }";0001561152;8004;80;4,2;ALTO;0001561152;8004;80;4,2;ALTO
"{ IdEstudiante = 0001561152, IdAsignatura = 9001, IdArea = 90, FinalPeriodo = 3,4, DesempeñoPeriodo = BASICO }";0001561152;9001;90;3,4;BASICO;0001561152;9001;90;3,4;BASICO
"{ IdEstudiante = 0001561207, IdAsignatura = 1002, IdArea = 10, FinalPeriodo = 1,0, DesempeñoPeriodo = BAJO }";0001561207;1002;10;1,0;BAJO;0001561207;1002;10;1,0;BAJO
"{ IdEstudiante = 0001561207, IdAsignatura = 2001, IdArea = 20, FinalPeriodo = 1,5, DesempeñoPeriodo = BAJO }";0001561207;2001;20;1,5;BAJO;0001561207;2001;20;1,5;BAJO
"{ IdEstudiante = 0001561207, IdAsignatura = 3001, IdArea = 30, FinalPeriodo = 3,7, DesempeñoPeriodo = BASICO }";0001561207;3001;30;3,7;BASICO;0001561207;3001;30;3,7;BASICO
"{ IdEstudiante = 0001561207, IdAsignatura = 4001, IdArea = 40, FinalPeriodo = 4,2, DesempeñoPeriodo = ALTO }";0001561207;4001;40;4,2;ALTO;0001561207;4001;40;4,2;ALTO
"{ IdEstudiante = 0001561207, IdAsignatura = 5001, IdArea = 50, FinalPeriodo = 3,1, DesempeñoPeriodo = BASICO }";0001561207;5001;50;3,1;BASICO;0001561207;5001;50;3,1;BASICO
"{ IdEstudiante = 0001561207, IdAsignatura = 6001, IdArea = 60, FinalPeriodo = 3,0, DesempeñoPeriodo = BASICO }";0001561207;6001;60;3,0;BASICO;0001561207;6001;60;3,0;BASICO
"{ IdEstudiante = 0001561207, IdAsignatura = 7001, IdArea = 70, FinalPeriodo = 3,5, DesempeñoPeriodo = BASICO }";0001561207;7001;70;3,5;BASICO;0001561207;7001;70;3,5;BASICO
"{ IdEstudiante = 0001561207, IdAsignatura = 7002, IdArea = 70, FinalPeriodo = 3,4, DesempeñoPeriodo = BASICO }";0001561207;7002;70;3,4;BASICO;0001561207;7002;70;3,4;BASICO
"{ IdEstudiante = 0001561207, IdAsignatura = 8002, IdArea = 80, FinalPeriodo = 2,7, DesempeñoPeriodo = BAJO }";0001561207;8002;80;2,7;BAJO;0001561207;8002;80;2,7;BAJO
"{ IdEstudiante = 0001561207, IdAsignatura = 8003, IdArea = 80, FinalPeriodo = 3,4, DesempeñoPeriodo = BASICO }";0001561207;8003;80;3,4;BASICO;0001561207;8003;80;3,4;BASICO
"{ IdEstudiante = 0001561207, IdAsignatura = 8004, IdArea = 80, FinalPeriodo = 3,4, DesempeñoPeriodo = BASICO }";0001561207;8004;80;3,4;BASICO;0001561207;8004;80;3,4;BASICO
"{ IdEstudiante = 0001561207, IdAsignatura = 9001, IdArea = 90, FinalPeriodo = 3,0, DesempeñoPeriodo = BASICO }";0001561207;9001;90;3,0;BASICO;0001561207;9001;90;3,0;BASICO
"{ IdEstudiante = 0001561274, IdAsignatura = 1002, IdArea = 10, FinalPeriodo = 2,7, DesempeñoPeriodo = BAJO }";0001561274;1002;10;2,7;BAJO;0001561274;1002;10;2,7;BAJO
"{ IdEstudiante = 0001561274, IdAsignatura = 2001, IdArea = 20, FinalPeriodo = 3,5, DesempeñoPeriodo = BASICO }";0001561274;2001;20;3,5;BASICO;0001561274;2001;20;3,5;BASICO
"{ IdEstudiante = 0001561274, IdAsignatura = 3001, IdArea = 30, FinalPeriodo = 4,0, DesempeñoPeriodo = ALTO }";0001561274;3001;30;4,0;ALTO;0001561274;3001;30;4,0;ALTO
"{ IdEstudiante = 0001561274, IdAsignatura = 4001, IdArea = 40, FinalPeriodo = 4,4, DesempeñoPeriodo = ALTO }";0001561274;4001;40;4,4;ALTO;0001561274;4001;40;4,4;ALTO
"{ IdEstudiante = 0001561274, IdAsignatura = 5001, IdArea = 50, FinalPeriodo = 4,0, DesempeñoPeriodo = ALTO }";0001561274;5001;50;4,0;ALTO;0001561274;5001;50;4,0;ALTO
"{ IdEstudiante = 0001561274, IdAsignatura = 6001, IdArea = 60, FinalPeriodo = 2,5, DesempeñoPeriodo = BAJO }";0001561274;6001;60;2,5;BAJO;0001561274;6001;60;2,5;BAJO
"{ IdEstudiante = 0001561274, IdAsignatura = 7001, IdArea = 70, FinalPeriodo = 3,5, DesempeñoPeriodo = BASICO }";0001561274;7001;70;3,5;BASICO;0001561274;7001;70;3,5;BASICO
"{ IdEstudiante = 0001561274, IdAsignatura = 7002, IdArea = 70, FinalPeriodo = 4,5, DesempeñoPeriodo = ALTO }";0001561274;7002;70;4,5;ALTO;0001561274;7002;70;4,5;ALTO
"{ IdEstudiante = 0001561274, IdAsignatura = 8002, IdArea = 80, FinalPeriodo = 3,8, DesempeñoPeriodo = BASICO }";0001561274;8002;80;3,8;BASICO;0001561274;8002;80;3,8;BASICO
"{ IdEstudiante = 0001561274, IdAsignatura = 8003, IdArea = 80, FinalPeriodo = 4,2, DesempeñoPeriodo = ALTO }";0001561274;8003;80;4,2;ALTO;0001561274;8003;80;4,2;ALTO
"{ IdEstudiante = 0001561274, IdAsignatura = 8004, IdArea = 80, FinalPeriodo = 4,2, DesempeñoPeriodo = ALTO }";0001561274;8004;80;4,2;ALTO;0001561274;8004;80;4,2;ALTO
"{ IdEstudiante = 0001561274, IdAsignatura = 9001, IdArea = 90, FinalPeriodo = 3,9, DesempeñoPeriodo = BASICO }";0001561274;9001;90;3,9;BASICO;0001561274;9001;90;3,9;BASICO
"{ IdEstudiante = 0001678462, IdAsignatura = 1002, IdArea = 10, FinalPeriodo = 3,9, DesempeñoPeriodo = BASICO }";0001678462;1002;10;3,9;BASICO;0001678462;1002;10;3,9;BASICO
"{ IdEstudiante = 0001678462, IdAsignatura = 2001, IdArea = 20, FinalPeriodo = 3,0, DesempeñoPeriodo = BASICO }";0001678462;2001;20;3,0;BASICO;0001678462;2001;20;3,0;BASICO
"{ IdEstudiante = 0001678462, IdAsignatura = 3001, IdArea = 30, FinalPeriodo = 4,0, DesempeñoPeriodo = ALTO }";0001678462;3001;30;4,0;ALTO;0001678462;3001;30;4,0;ALTO
"{ IdEstudiante = 0001678462, IdAsignatura = 4001, IdArea = 40, FinalPeriodo = 4,3, DesempeñoPeriodo = ALTO }";0001678462;4001;40;4,3;ALTO;0001678462;4001;40;4,3;ALTO
"{ IdEstudiante = 0001678462, IdAsignatura = 5001, IdArea = 50, FinalPeriodo = 4,0, DesempeñoPeriodo = ALTO }";0001678462;5001;50;4,0;ALTO;0001678462;5001;50;4,0;ALTO
"{ IdEstudiante = 0001678462, IdAsignatura = 6001, IdArea = 60, FinalPeriodo = 3,4, DesempeñoPeriodo = BASICO }";0001678462;6001;60;3,4;BASICO;0001678462;6001;60;3,4;BASICO
"{ IdEstudiante = 0001678462, IdAsignatura = 7001, IdArea = 70, FinalPeriodo = 3,6, DesempeñoPeriodo = BASICO }";0001678462;7001;70;3,6;BASICO;0001678462;7001;70;3,6;BASICO
"{ IdEstudiante = 0001678462, IdAsignatura = 7002, IdArea = 70, FinalPeriodo = 3,8, DesempeñoPeriodo = BASICO }";0001678462;7002;70;3,8;BASICO;0001678462;7002;70;3,8;BASICO
"{ IdEstudiante = 0001678462, IdAsignatura = 8002, IdArea = 80, FinalPeriodo = 3,1, DesempeñoPeriodo = BASICO }";0001678462;8002;80;3,1;BASICO;0001678462;8002;80;3,1;BASICO
"{ IdEstudiante = 0001678462, IdAsignatura = 8003, IdArea = 80, FinalPeriodo = 3,2, DesempeñoPeriodo = BASICO }";0001678462;8003;80;3,2;BASICO;0001678462;8003;80;3,2;BASICO
"{ IdEstudiante = 0001678462, IdAsignatura = 8004, IdArea = 80, FinalPeriodo = 3,2, DesempeñoPeriodo = BASICO }";0001678462;8004;80;3,2;BASICO;0001678462;8004;80;3,2;BASICO
"{ IdEstudiante = 0001678462, IdAsignatura = 9001, IdArea = 90, FinalPeriodo = 4,1, DesempeñoPeriodo = ALTO }";0001678462;9001;90;4,1;ALTO;0001678462;9001;90;4,1;ALTO
"{ IdEstudiante = 0001678463, IdAsignatura = 1002, IdArea = 10, FinalPeriodo = 3,5, DesempeñoPeriodo = BASICO }";0001678463;1002;10;3,5;BASICO;0001678463;1002;10;3,5;BASICO
"{ IdEstudiante = 0001678463, IdAsignatura = 2001, IdArea = 20, FinalPeriodo = 2,0, DesempeñoPeriodo = BAJO }";0001678463;2001;20;2,0;BAJO;0001678463;2001;20;2,0;BAJO
"{ IdEstudiante = 0001678463, IdAsignatura = 3001, IdArea = 30, FinalPeriodo = 4,0, DesempeñoPeriodo = ALTO }";0001678463;3001;30;4,0;ALTO;0001678463;3001;30;4,0;ALTO
"{ IdEstudiante = 0001678463, IdAsignatura = 4001, IdArea = 40, FinalPeriodo = 4,1, DesempeñoPeriodo = ALTO }";0001678463;4001;40;4,1;ALTO;0001678463;4001;40;4,1;ALTO
"{ IdEstudiante = 0001678463, IdAsignatura = 5001, IdArea = 50, FinalPeriodo = 4,0, DesempeñoPeriodo = ALTO }";0001678463;5001;50;4,0;ALTO;0001678463;5001;50;4,0;ALTO
"{ IdEstudiante = 0001678463, IdAsignatura = 6001, IdArea = 60, FinalPeriodo = 3,2, DesempeñoPeriodo = BASICO }";0001678463;6001;60;3,2;BASICO;0001678463;6001;60;3,2;BASICO
"{ IdEstudiante = 0001678463, IdAsignatura = 7001, IdArea = 70, FinalPeriodo = 3,6, DesempeñoPeriodo = BASICO }";0001678463;7001;70;3,6;BASICO;0001678463;7001;70;3,6;BASICO
"{ IdEstudiante = 0001678463, IdAsignatura = 7002, IdArea = 70, FinalPeriodo = 4,1, DesempeñoPeriodo = ALTO }";0001678463;7002;70;4,1;ALTO;0001678463;7002;70;4,1;ALTO
"{ IdEstudiante = 0001678463, IdAsignatura = 8002, IdArea = 80, FinalPeriodo = 3,2, DesempeñoPeriodo = BASICO }";0001678463;8002;80;3,2;BASICO;0001678463;8002;80;3,2;BASICO
"{ IdEstudiante = 0001678463, IdAsignatura = 8003, IdArea = 80, FinalPeriodo = 3,2, DesempeñoPeriodo = BASICO }";0001678463;8003;80;3,2;BASICO;0001678463;8003;80;3,2;BASICO
"{ IdEstudiante = 0001678463, IdAsignatura = 8004, IdArea = 80, FinalPeriodo = 3,2, DesempeñoPeriodo = BASICO }";0001678463;8004;80;3,2;BASICO;0001678463;8004;80;3,2;BASICO
"{ IdEstudiante = 0001678463, IdAsignatura = 9001, IdArea = 90, FinalPeriodo = 3,5, DesempeñoPeriodo = BASICO }";0001678463;9001;90;3,5;BASICO;0001678463;9001;90;3,5;BASICO
"{ IdEstudiante = 0001678464, IdAsignatura = 1002, IdArea = 10, FinalPeriodo = 3,5, DesempeñoPeriodo = BASICO }";0001678464;1002;10;3,5;BASICO;0001678464;1002;10;3,5;BASICO
"{ IdEstudiante = 0001678464, IdAsignatura = 2001, IdArea = 20, FinalPeriodo = 3,0, DesempeñoPeriodo = BASICO }";0001678464;2001;20;3,0;BASICO;0001678464;2001;20;3,0;BASICO
"{ IdEstudiante = 0001678464, IdAsignatura = 3001, IdArea = 30, FinalPeriodo = 4,0, DesempeñoPeriodo = ALTO }";0001678464;3001;30;4,0;ALTO;0001678464;3001;30;4,0;ALTO
"{ IdEstudiante = 0001678464, IdAsignatura = 4001, IdArea = 40, FinalPeriodo = 4,2, DesempeñoPeriodo = ALTO }";0001678464;4001;40;4,2;ALTO;0001678464;4001;40;4,2;ALTO
"{ IdEstudiante = 0001678464, IdAsignatura = 5001, IdArea = 50, FinalPeriodo = 4,0, DesempeñoPeriodo = ALTO }";0001678464;5001;50;4,0;ALTO;0001678464;5001;50;4,0;ALTO
"{ IdEstudiante = 0001678464, IdAsignatura = 6001, IdArea = 60, FinalPeriodo = 3,4, DesempeñoPeriodo = BASICO }";0001678464;6001;60;3,4;BASICO;0001678464;6001;60;3,4;BASICO
"{ IdEstudiante = 0001678464, IdAsignatura = 7001, IdArea = 70, FinalPeriodo = 3,0, DesempeñoPeriodo = BASICO }";0001678464;7001;70;3,0;BASICO;0001678464;7001;70;3,0;BASICO
"{ IdEstudiante = 0001678464, IdAsignatura = 7002, IdArea = 70, FinalPeriodo = 4,0, DesempeñoPeriodo = ALTO }";0001678464;7002;70;4,0;ALTO;0001678464;7002;70;4,0;ALTO
"{ IdEstudiante = 0001678464, IdAsignatura = 8002, IdArea = 80, FinalPeriodo = 3,5, DesempeñoPeriodo = BASICO }";0001678464;8002;80;3,5;BASICO;0001678464;8002;80;3,5;BASICO
"{ IdEstudiante = 0001678464, IdAsignatura = 8003, IdArea = 80, FinalPeriodo = 3,8, DesempeñoPeriodo = BASICO }";0001678464;8003;80;3,8;BASICO;0001678464;8003;80;3,8;BASICO
"{ IdEstudiante = 0001678464, IdAsignatura = 8004, IdArea = 80, FinalPeriodo = 3,8, DesempeñoPeriodo = BASICO }";0001678464;8004;80;3,8;BASICO;0001678464;8004;80;3,8;BASICO
"{ IdEstudiante = 0001678464, IdAsignatura = 9001, IdArea = 90, FinalPeriodo = 3,7, DesempeñoPeriodo = BASICO }";0001678464;9001;90;3,7;BASICO;0001678464;9001;90;3,7;BASICO
"{ IdEstudiante = 0001678465, IdAsignatura = 1002, IdArea = 10, FinalPeriodo = 4,0, DesempeñoPeriodo = ALTO }";0001678465;1002;10;4,0;ALTO;0001678465;1002;10;4,0;ALTO
"{ IdEstudiante = 0001678465, IdAsignatura = 2001, IdArea = 20, FinalPeriodo = 3,5, DesempeñoPeriodo = BASICO }";0001678465;2001;20;3,5;BASICO;0001678465;2001;20;3,5;BASICO
"{ IdEstudiante = 0001678465, IdAsignatura = 3001, IdArea = 30, FinalPeriodo = 4,0, DesempeñoPeriodo = ALTO }";0001678465;3001;30;4,0;ALTO;0001678465;3001;30;4,0;ALTO
"{ IdEstudiante = 0001678465, IdAsignatura = 4001, IdArea = 40, FinalPeriodo = 4,4, DesempeñoPeriodo = ALTO }";0001678465;4001;40;4,4;ALTO;0001678465;4001;40;4,4;ALTO
"{ IdEstudiante = 0001678465, IdAsignatura = 5001, IdArea = 50, FinalPeriodo = 4,0, DesempeñoPeriodo = ALTO }";0001678465;5001;50;4,0;ALTO;0001678465;5001;50;4,0;ALTO
"{ IdEstudiante = 0001678465, IdAsignatura = 6001, IdArea = 60, FinalPeriodo = 2,5, DesempeñoPeriodo = BAJO }";0001678465;6001;60;2,5;BAJO;0001678465;6001;60;2,5;BAJO
"{ IdEstudiante = 0001678465, IdAsignatura = 7001, IdArea = 70, FinalPeriodo = 4,3, DesempeñoPeriodo = ALTO }";0001678465;7001;70;4,3;ALTO;0001678465;7001;70;4,3;ALTO
"{ IdEstudiante = 0001678465, IdAsignatura = 7002, IdArea = 70, FinalPeriodo = 4,1, DesempeñoPeriodo = ALTO }";0001678465;7002;70;4,1;ALTO;0001678465;7002;70;4,1;ALTO
"{ IdEstudiante = 0001678465, IdAsignatura = 8002, IdArea = 80, FinalPeriodo = 3,0, DesempeñoPeriodo = BASICO }";0001678465;8002;80;3,0;BASICO;0001678465;8002;80;3,0;BASICO
"{ IdEstudiante = 0001678465, IdAsignatura = 8003, IdArea = 80, FinalPeriodo = 3,5, DesempeñoPeriodo = BASICO }";0001678465;8003;80;3,5;BASICO;0001678465;8003;80;3,5;BASICO
"{ IdEstudiante = 0001678465, IdAsignatura = 8004, IdArea = 80, FinalPeriodo = 3,5, DesempeñoPeriodo = BASICO }";0001678465;8004;80;3,5;BASICO;0001678465;8004;80;3,5;BASICO
"{ IdEstudiante = 0001678465, IdAsignatura = 9001, IdArea = 90, FinalPeriodo = 3,8, DesempeñoPeriodo = BASICO }";0001678465;9001;90;3,8;BASICO;0001678465;9001;90;3,8;BASICO
"{ IdEstudiante = 0001678466, IdAsignatura = 1002, IdArea = 10, FinalPeriodo = 4,0, DesempeñoPeriodo = ALTO }";0001678466;1002;10;4,0;ALTO;0001678466;1002;10;4,0;ALTO
"{ IdEstudiante = 0001678466, IdAsignatura = 2001, IdArea = 20, FinalPeriodo = 4,0, DesempeñoPeriodo = ALTO }";0001678466;2001;20;4,0;ALTO;0001678466;2001;20;4,0;ALTO
"{ IdEstudiante = 0001678466, IdAsignatura = 3001, IdArea = 30, FinalPeriodo = 4,0, DesempeñoPeriodo = ALTO }";0001678466;3001;30;4,0;ALTO;0001678466;3001;30;4,0;ALTO
"{ IdEstudiante = 0001678466, IdAsignatura = 4001, IdArea = 40, FinalPeriodo = 4,3, DesempeñoPeriodo = ALTO }";0001678466;4001;40;4,3;ALTO;0001678466;4001;40;4,3;ALTO
"{ IdEstudiante = 0001678466, IdAsignatura = 5001, IdArea = 50, FinalPeriodo = 3,7, DesempeñoPeriodo = BASICO }";0001678466;5001;50;3,7;BASICO;0001678466;5001;50;3,7;BASICO
"{ IdEstudiante = 0001678466, IdAsignatura = 6001, IdArea = 60, FinalPeriodo = 4,0, DesempeñoPeriodo = ALTO }";0001678466;6001;60;4,0;ALTO;0001678466;6001;60;4,0;ALTO
"{ IdEstudiante = 0001678466, IdAsignatura = 7001, IdArea = 70, FinalPeriodo = 3,8, DesempeñoPeriodo = BASICO }";0001678466;7001;70;3,8;BASICO;0001678466;7001;70;3,8;BASICO
"{ IdEstudiante = 0001678466, IdAsignatura = 7002, IdArea = 70, FinalPeriodo = 4,2, DesempeñoPeriodo = ALTO }";0001678466;7002;70;4,2;ALTO;0001678466;7002;70;4,2;ALTO
"{ IdEstudiante = 0001678466, IdAsignatura = 8002, IdArea = 80, FinalPeriodo = 4,3, DesempeñoPeriodo = ALTO }";0001678466;8002;80;4,3;ALTO;0001678466;8002;80;4,3;ALTO
"{ IdEstudiante = 0001678466, IdAsignatura = 8003, IdArea = 80, FinalPeriodo = 4,0, DesempeñoPeriodo = ALTO }";0001678466;8003;80;4,0;ALTO;0001678466;8003;80;4,0;ALTO
"{ IdEstudiante = 0001678466, IdAsignatura = 8004, IdArea = 80, FinalPeriodo = 4,0, DesempeñoPeriodo = ALTO }";0001678466;8004;80;4,0;ALTO;0001678466;8004;80;4,0;ALTO
"{ IdEstudiante = 0001678466, IdAsignatura = 9001, IdArea = 90, FinalPeriodo = 4,0, DesempeñoPeriodo = ALTO }";0001678466;9001;90;4,0;ALTO;0001678466;9001;90;4,0;ALTO
"{ IdEstudiante = 0001678467, IdAsignatura = 1002, IdArea = 10, FinalPeriodo = 3,9, DesempeñoPeriodo = BASICO }";0001678467;1002;10;3,9;BASICO;0001678467;1002;10;3,9;BASICO
"{ IdEstudiante = 0001678467, IdAsignatura = 2001, IdArea = 20, FinalPeriodo = 2,0, DesempeñoPeriodo = BAJO }";0001678467;2001;20;2,0;BAJO;0001678467;2001;20;2,0;BAJO
"{ IdEstudiante = 0001678467, IdAsignatura = 3001, IdArea = 30, FinalPeriodo = 4,0, DesempeñoPeriodo = ALTO }";0001678467;3001;30;4,0;ALTO;0001678467;3001;30;4,0;ALTO
"{ IdEstudiante = 0001678467, IdAsignatura = 4001, IdArea = 40, FinalPeriodo = 4,3, DesempeñoPeriodo = ALTO }";0001678467;4001;40;4,3;ALTO;0001678467;4001;40;4,3;ALTO
"{ IdEstudiante = 0001678467, IdAsignatura = 5001, IdArea = 50, FinalPeriodo = 4,1, DesempeñoPeriodo = ALTO }";0001678467;5001;50;4,1;ALTO;0001678467;5001;50;4,1;ALTO
"{ IdEstudiante = 0001678467, IdAsignatura = 6001, IdArea = 60, FinalPeriodo = 4,0, DesempeñoPeriodo = ALTO }";0001678467;6001;60;4,0;ALTO;0001678467;6001;60;4,0;ALTO
"{ IdEstudiante = 0001678467, IdAsignatura = 7001, IdArea = 70, FinalPeriodo = 3,6, DesempeñoPeriodo = BASICO }";0001678467;7001;70;3,6;BASICO;0001678467;7001;70;3,6;BASICO
"{ IdEstudiante = 0001678467, IdAsignatura = 7002, IdArea = 70, FinalPeriodo = 4,1, DesempeñoPeriodo = ALTO }";0001678467;7002;70;4,1;ALTO;0001678467;7002;70;4,1;ALTO
"{ IdEstudiante = 0001678467, IdAsignatura = 8002, IdArea = 80, FinalPeriodo = 4,7, DesempeñoPeriodo = SUPERIOR }";0001678467;8002;80;4,7;SUPERIOR;0001678467;8002;80;4,7;SUPERIOR
"{ IdEstudiante = 0001678467, IdAsignatura = 8003, IdArea = 80, FinalPeriodo = 4,2, DesempeñoPeriodo = ALTO }";0001678467;8003;80;4,2;ALTO;0001678467;8003;80;4,2;ALTO
"{ IdEstudiante = 0001678467, IdAsignatura = 8004, IdArea = 80, FinalPeriodo = 4,2, DesempeñoPeriodo = ALTO }";0001678467;8004;80;4,2;ALTO;0001678467;8004;80;4,2;ALTO
"{ IdEstudiante = 0001678467, IdAsignatura = 9001, IdArea = 90, FinalPeriodo = 3,9, DesempeñoPeriodo = BASICO }";0001678467;9001;90;3,9;BASICO;0001678467;9001;90;3,9;BASICO
"{ IdEstudiante = 0001678468, IdAsignatura = 1002, IdArea = 10, FinalPeriodo = 4,0, DesempeñoPeriodo = ALTO }";0001678468;1002;10;4,0;ALTO;0001678468;1002;10;4,0;ALTO
"{ IdEstudiante = 0001678468, IdAsignatura = 2001, IdArea = 20, FinalPeriodo = 3,2, DesempeñoPeriodo = BASICO }";0001678468;2001;20;3,2;BASICO;0001678468;2001;20;3,2;BASICO
"{ IdEstudiante = 0001678468, IdAsignatura = 3001, IdArea = 30, FinalPeriodo = 4,0, DesempeñoPeriodo = ALTO }";0001678468;3001;30;4,0;ALTO;0001678468;3001;30;4,0;ALTO
"{ IdEstudiante = 0001678468, IdAsignatura = 4001, IdArea = 40, FinalPeriodo = 4,4, DesempeñoPeriodo = ALTO }";0001678468;4001;40;4,4;ALTO;0001678468;4001;40;4,4;ALTO
"{ IdEstudiante = 0001678468, IdAsignatura = 5001, IdArea = 50, FinalPeriodo = 4,0, DesempeñoPeriodo = ALTO }";0001678468;5001;50;4,0;ALTO;0001678468;5001;50;4,0;ALTO
"{ IdEstudiante = 0001678468, IdAsignatura = 6001, IdArea = 60, FinalPeriodo = 3,6, DesempeñoPeriodo = BASICO }";0001678468;6001;60;3,6;BASICO;0001678468;6001;60;3,6;BASICO
"{ IdEstudiante = 0001678468, IdAsignatura = 7001, IdArea = 70, FinalPeriodo = 4,0, DesempeñoPeriodo = ALTO }";0001678468;7001;70;4,0;ALTO;0001678468;7001;70;4,0;ALTO
"{ IdEstudiante = 0001678468, IdAsignatura = 7002, IdArea = 70, FinalPeriodo = 4,0, DesempeñoPeriodo = ALTO }";0001678468;7002;70;4,0;ALTO;0001678468;7002;70;4,0;ALTO
"{ IdEstudiante = 0001678468, IdAsignatura = 8002, IdArea = 80, FinalPeriodo = 3,5, DesempeñoPeriodo = BASICO }";0001678468;8002;80;3,5;BASICO;0001678468;8002;80;3,5;BASICO
"{ IdEstudiante = 0001678468, IdAsignatura = 8003, IdArea = 80, FinalPeriodo = 3,8, DesempeñoPeriodo = BASICO }";0001678468;8003;80;3,8;BASICO;0001678468;8003;80;3,8;BASICO
"{ IdEstudiante = 0001678468, IdAsignatura = 8004, IdArea = 80, FinalPeriodo = 3,8, DesempeñoPeriodo = BASICO }";0001678468;8004;80;3,8;BASICO;0001678468;8004;80;3,8;BASICO
"{ IdEstudiante = 0001678468, IdAsignatura = 9001, IdArea = 90, FinalPeriodo = 4,1, DesempeñoPeriodo = ALTO }";0001678468;9001;90;4,1;ALTO;0001678468;9001;90;4,1;ALTO
"{ IdEstudiante = 0001678469, IdAsignatura = 1002, IdArea = 10, FinalPeriodo = 3,9, DesempeñoPeriodo = BASICO }";0001678469;1002;10;3,9;BASICO;0001678469;1002;10;3,9;BASICO
"{ IdEstudiante = 0001678469, IdAsignatura = 2001, IdArea = 20, FinalPeriodo = 3,8, DesempeñoPeriodo = BASICO }";0001678469;2001;20;3,8;BASICO;0001678469;2001;20;3,8;BASICO
"{ IdEstudiante = 0001678469, IdAsignatura = 3001, IdArea = 30, FinalPeriodo = 3,7, DesempeñoPeriodo = BASICO }";0001678469;3001;30;3,7;BASICO;0001678469;3001;30;3,7;BASICO
"{ IdEstudiante = 0001678469, IdAsignatura = 4001, IdArea = 40, FinalPeriodo = 4,3, DesempeñoPeriodo = ALTO }";0001678469;4001;40;4,3;ALTO;0001678469;4001;40;4,3;ALTO
"{ IdEstudiante = 0001678469, IdAsignatura = 5001, IdArea = 50, FinalPeriodo = 3,1, DesempeñoPeriodo = BASICO }";0001678469;5001;50;3,1;BASICO;0001678469;5001;50;3,1;BASICO
"{ IdEstudiante = 0001678469, IdAsignatura = 6001, IdArea = 60, FinalPeriodo = 3,8, DesempeñoPeriodo = BASICO }";0001678469;6001;60;3,8;BASICO;0001678469;6001;60;3,8;BASICO
"{ IdEstudiante = 0001678469, IdAsignatura = 7001, IdArea = 70, FinalPeriodo = 3,8, DesempeñoPeriodo = BASICO }";0001678469;7001;70;3,8;BASICO;0001678469;7001;70;3,8;BASICO
"{ IdEstudiante = 0001678469, IdAsignatura = 7002, IdArea = 70, FinalPeriodo = 4,0, DesempeñoPeriodo = ALTO }";0001678469;7002;70;4,0;ALTO;0001678469;7002;70;4,0;ALTO
"{ IdEstudiante = 0001678469, IdAsignatura = 8002, IdArea = 80, FinalPeriodo = 3,5, DesempeñoPeriodo = BASICO }";0001678469;8002;80;3,5;BASICO;0001678469;8002;80;3,5;BASICO
"{ IdEstudiante = 0001678469, IdAsignatura = 8003, IdArea = 80, FinalPeriodo = 3,8, DesempeñoPeriodo = BASICO }";0001678469;8003;80;3,8;BASICO;0001678469;8003;80;3,8;BASICO
"{ IdEstudiante = 0001678469, IdAsignatura = 8004, IdArea = 80, FinalPeriodo = 3,8, DesempeñoPeriodo = BASICO }";0001678469;8004;80;3,8;BASICO;0001678469;8004;80;3,8;BASICO
"{ IdEstudiante = 0001678469, IdAsignatura = 9001, IdArea = 90, FinalPeriodo = 4,1, DesempeñoPeriodo = ALTO }";0001678469;9001;90;4,1;ALTO;0001678469;9001;90;4,1;ALTO
"{ IdEstudiante = 0001678470, IdAsignatura = 1002, IdArea = 10, FinalPeriodo = 3,5, DesempeñoPeriodo = BASICO }";0001678470;1002;10;3,5;BASICO;0001678470;1002;10;3,5;BASICO
"{ IdEstudiante = 0001678470, IdAsignatura = 2001, IdArea = 20, FinalPeriodo = 4,0, DesempeñoPeriodo = ALTO }";0001678470;2001;20;4,0;ALTO;0001678470;2001;20;4,0;ALTO
"{ IdEstudiante = 0001678470, IdAsignatura = 3001, IdArea = 30, FinalPeriodo = 4,0, DesempeñoPeriodo = ALTO }";0001678470;3001;30;4,0;ALTO;0001678470;3001;30;4,0;ALTO
"{ IdEstudiante = 0001678470, IdAsignatura = 4001, IdArea = 40, FinalPeriodo = 4,1, DesempeñoPeriodo = ALTO }";0001678470;4001;40;4,1;ALTO;0001678470;4001;40;4,1;ALTO
"{ IdEstudiante = 0001678470, IdAsignatura = 5001, IdArea = 50, FinalPeriodo = 4,0, DesempeñoPeriodo = ALTO }";0001678470;5001;50;4,0;ALTO;0001678470;5001;50;4,0;ALTO
"{ IdEstudiante = 0001678470, IdAsignatura = 6001, IdArea = 60, FinalPeriodo = 3,4, DesempeñoPeriodo = BASICO }";0001678470;6001;60;3,4;BASICO;0001678470;6001;60;3,4;BASICO
"{ IdEstudiante = 0001678470, IdAsignatura = 7001, IdArea = 70, FinalPeriodo = 3,6, DesempeñoPeriodo = BASICO }";0001678470;7001;70;3,6;BASICO;0001678470;7001;70;3,6;BASICO
"{ IdEstudiante = 0001678470, IdAsignatura = 7002, IdArea = 70, FinalPeriodo = 4,1, DesempeñoPeriodo = ALTO }";0001678470;7002;70;4,1;ALTO;0001678470;7002;70;4,1;ALTO
"{ IdEstudiante = 0001678470, IdAsignatura = 8002, IdArea = 80, FinalPeriodo = 4,0, DesempeñoPeriodo = ALTO }";0001678470;8002;80;4,0;ALTO;0001678470;8002;80;4,0;ALTO
"{ IdEstudiante = 0001678470, IdAsignatura = 8003, IdArea = 80, FinalPeriodo = 4,0, DesempeñoPeriodo = ALTO }";0001678470;8003;80;4,0;ALTO;0001678470;8003;80;4,0;ALTO
"{ IdEstudiante = 0001678470, IdAsignatura = 8004, IdArea = 80, FinalPeriodo = 4,0, DesempeñoPeriodo = ALTO }";0001678470;8004;80;4,0;ALTO;0001678470;8004;80;4,0;ALTO
"{ IdEstudiante = 0001678470, IdAsignatura = 9001, IdArea = 90, FinalPeriodo = 3,6, DesempeñoPeriodo = BASICO }";0001678470;9001;90;3,6;BASICO;0001678470;9001;90;3,6;BASICO
"{ IdEstudiante = 0001678472, IdAsignatura = 1002, IdArea = 10, FinalPeriodo = 4,1, DesempeñoPeriodo = ALTO }";0001678472;1002;10;4,1;ALTO;0001678472;1002;10;4,1;ALTO
"{ IdEstudiante = 0001678472, IdAsignatura = 2001, IdArea = 20, FinalPeriodo = 4,5, DesempeñoPeriodo = ALTO }";0001678472;2001;20;4,5;ALTO;0001678472;2001;20;4,5;ALTO
"{ IdEstudiante = 0001678472, IdAsignatura = 3001, IdArea = 30, FinalPeriodo = 4,0, DesempeñoPeriodo = ALTO }";0001678472;3001;30;4,0;ALTO;0001678472;3001;30;4,0;ALTO
"{ IdEstudiante = 0001678472, IdAsignatura = 4001, IdArea = 40, FinalPeriodo = 4,4, DesempeñoPeriodo = ALTO }";0001678472;4001;40;4,4;ALTO;0001678472;4001;40;4,4;ALTO
"{ IdEstudiante = 0001678472, IdAsignatura = 5001, IdArea = 50, FinalPeriodo = 4,0, DesempeñoPeriodo = ALTO }";0001678472;5001;50;4,0;ALTO;0001678472;5001;50;4,0;ALTO
"{ IdEstudiante = 0001678472, IdAsignatura = 6001, IdArea = 60, FinalPeriodo = 5,0, DesempeñoPeriodo = SUPERIOR }";0001678472;6001;60;5,0;SUPERIOR;0001678472;6001;60;5,0;SUPERIOR
"{ IdEstudiante = 0001678472, IdAsignatura = 7001, IdArea = 70, FinalPeriodo = 4,3, DesempeñoPeriodo = ALTO }";0001678472;7001;70;4,3;ALTO;0001678472;7001;70;4,3;ALTO
"{ IdEstudiante = 0001678472, IdAsignatura = 7002, IdArea = 70, FinalPeriodo = 4,5, DesempeñoPeriodo = ALTO }";0001678472;7002;70;4,5;ALTO;0001678472;7002;70;4,5;ALTO
"{ IdEstudiante = 0001678472, IdAsignatura = 8002, IdArea = 80, FinalPeriodo = 4,1, DesempeñoPeriodo = ALTO }";0001678472;8002;80;4,1;ALTO;0001678472;8002;80;4,1;ALTO
"{ IdEstudiante = 0001678472, IdAsignatura = 8003, IdArea = 80, FinalPeriodo = 4,2, DesempeñoPeriodo = ALTO }";0001678472;8003;80;4,2;ALTO;0001678472;8003;80;4,2;ALTO
"{ IdEstudiante = 0001678472, IdAsignatura = 8004, IdArea = 80, FinalPeriodo = 4,2, DesempeñoPeriodo = ALTO }";0001678472;8004;80;4,2;ALTO;0001678472;8004;80;4,2;ALTO
"{ IdEstudiante = 0001678472, IdAsignatura = 9001, IdArea = 90, FinalPeriodo = 4,2, DesempeñoPeriodo = ALTO }";0001678472;9001;90;4,2;ALTO;0001678472;9001;90;4,2;ALTO
"{ IdEstudiante = 0001678473, IdAsignatura = 1002, IdArea = 10, FinalPeriodo = 4,3, DesempeñoPeriodo = ALTO }";0001678473;1002;10;4,3;ALTO;0001678473;1002;10;4,3;ALTO
"{ IdEstudiante = 0001678473, IdAsignatura = 2001, IdArea = 20, FinalPeriodo = 4,6, DesempeñoPeriodo = SUPERIOR }";0001678473;2001;20;4,6;SUPERIOR;0001678473;2001;20;4,6;SUPERIOR
"{ IdEstudiante = 0001678473, IdAsignatura = 3001, IdArea = 30, FinalPeriodo = 4,0, DesempeñoPeriodo = ALTO }";0001678473;3001;30;4,0;ALTO;0001678473;3001;30;4,0;ALTO
"{ IdEstudiante = 0001678473, IdAsignatura = 4001, IdArea = 40, FinalPeriodo = 4,5, DesempeñoPeriodo = ALTO }";0001678473;4001;40;4,5;ALTO;0001678473;4001;40;4,5;ALTO
"{ IdEstudiante = 0001678473, IdAsignatura = 5001, IdArea = 50, FinalPeriodo = 4,0, DesempeñoPeriodo = ALTO }";0001678473;5001;50;4,0;ALTO;0001678473;5001;50;4,0;ALTO
"{ IdEstudiante = 0001678473, IdAsignatura = 6001, IdArea = 60, FinalPeriodo = 4,0, DesempeñoPeriodo = ALTO }";0001678473;6001;60;4,0;ALTO;0001678473;6001;60;4,0;ALTO
"{ IdEstudiante = 0001678473, IdAsignatura = 7001, IdArea = 70, FinalPeriodo = 3,7, DesempeñoPeriodo = BASICO }";0001678473;7001;70;3,7;BASICO;0001678473;7001;70;3,7;BASICO
"{ IdEstudiante = 0001678473, IdAsignatura = 7002, IdArea = 70, FinalPeriodo = 4,0, DesempeñoPeriodo = ALTO }";0001678473;7002;70;4,0;ALTO;0001678473;7002;70;4,0;ALTO
"{ IdEstudiante = 0001678473, IdAsignatura = 8002, IdArea = 80, FinalPeriodo = 3,3, DesempeñoPeriodo = BASICO }";0001678473;8002;80;3,3;BASICO;0001678473;8002;80;3,3;BASICO
"{ IdEstudiante = 0001678473, IdAsignatura = 8003, IdArea = 80, FinalPeriodo = 3,6, DesempeñoPeriodo = BASICO }";0001678473;8003;80;3,6;BASICO;0001678473;8003;80;3,6;BASICO
"{ IdEstudiante = 0001678473, IdAsignatura = 8004, IdArea = 80, FinalPeriodo = 3,6, DesempeñoPeriodo = BASICO }";0001678473;8004;80;3,6;BASICO;0001678473;8004;80;3,6;BASICO
"{ IdEstudiante = 0001678473, IdAsignatura = 9001, IdArea = 90, FinalPeriodo = 4,2, DesempeñoPeriodo = ALTO }";0001678473;9001;90;4,2;ALTO;0001678473;9001;90;4,2;ALTO
"{ IdEstudiante = 0001678474, IdAsignatura = 1002, IdArea = 10, FinalPeriodo = 4,2, DesempeñoPeriodo = ALTO }";0001678474;1002;10;4,2;ALTO;0001678474;1002;10;4,2;ALTO
"{ IdEstudiante = 0001678474, IdAsignatura = 2001, IdArea = 20, FinalPeriodo = 4,5, DesempeñoPeriodo = ALTO }";0001678474;2001;20;4,5;ALTO;0001678474;2001;20;4,5;ALTO
"{ IdEstudiante = 0001678474, IdAsignatura = 3001, IdArea = 30, FinalPeriodo = 4,0, DesempeñoPeriodo = ALTO }";0001678474;3001;30;4,0;ALTO;0001678474;3001;30;4,0;ALTO
"{ IdEstudiante = 0001678474, IdAsignatura = 4001, IdArea = 40, FinalPeriodo = 4,4, DesempeñoPeriodo = ALTO }";0001678474;4001;40;4,4;ALTO;0001678474;4001;40;4,4;ALTO
"{ IdEstudiante = 0001678474, IdAsignatura = 5001, IdArea = 50, FinalPeriodo = 4,0, DesempeñoPeriodo = ALTO }";0001678474;5001;50;4,0;ALTO;0001678474;5001;50;4,0;ALTO
"{ IdEstudiante = 0001678474, IdAsignatura = 6001, IdArea = 60, FinalPeriodo = 5,0, DesempeñoPeriodo = SUPERIOR }";0001678474;6001;60;5,0;SUPERIOR;0001678474;6001;60;5,0;SUPERIOR
"{ IdEstudiante = 0001678474, IdAsignatura = 7001, IdArea = 70, FinalPeriodo = 4,3, DesempeñoPeriodo = ALTO }";0001678474;7001;70;4,3;ALTO;0001678474;7001;70;4,3;ALTO
"{ IdEstudiante = 0001678474, IdAsignatura = 7002, IdArea = 70, FinalPeriodo = 4,4, DesempeñoPeriodo = ALTO }";0001678474;7002;70;4,4;ALTO;0001678474;7002;70;4,4;ALTO
"{ IdEstudiante = 0001678474, IdAsignatura = 8002, IdArea = 80, FinalPeriodo = 3,4, DesempeñoPeriodo = BASICO }";0001678474;8002;80;3,4;BASICO;0001678474;8002;80;3,4;BASICO
"{ IdEstudiante = 0001678474, IdAsignatura = 8003, IdArea = 80, FinalPeriodo = 3,5, DesempeñoPeriodo = BASICO }";0001678474;8003;80;3,5;BASICO;0001678474;8003;80;3,5;BASICO
"{ IdEstudiante = 0001678474, IdAsignatura = 8004, IdArea = 80, FinalPeriodo = 3,4, DesempeñoPeriodo = BASICO }";0001678474;8004;80;3,4;BASICO;0001678474;8004;80;3,4;BASICO
"{ IdEstudiante = 0001678474, IdAsignatura = 9001, IdArea = 90, FinalPeriodo = 4,2, DesempeñoPeriodo = ALTO }";0001678474;9001;90;4,2;ALTO;0001678474;9001;90;4,2;ALTO
"{ IdEstudiante = 0001678475, IdAsignatura = 1002, IdArea = 10, FinalPeriodo = 4,3, DesempeñoPeriodo = ALTO }";0001678475;1002;10;4,3;ALTO;0001678475;1002;10;4,3;ALTO
"{ IdEstudiante = 0001678475, IdAsignatura = 2001, IdArea = 20, FinalPeriodo = 4,2, DesempeñoPeriodo = ALTO }";0001678475;2001;20;4,2;ALTO;0001678475;2001;20;4,2;ALTO
"{ IdEstudiante = 0001678475, IdAsignatura = 3001, IdArea = 30, FinalPeriodo = 3,7, DesempeñoPeriodo = BASICO }";0001678475;3001;30;3,7;BASICO;0001678475;3001;30;3,7;BASICO
"{ IdEstudiante = 0001678475, IdAsignatura = 4001, IdArea = 40, FinalPeriodo = 4,5, DesempeñoPeriodo = ALTO }";0001678475;4001;40;4,5;ALTO;0001678475;4001;40;4,5;ALTO
"{ IdEstudiante = 0001678475, IdAsignatura = 5001, IdArea = 50, FinalPeriodo = 3,8, DesempeñoPeriodo = BASICO }";0001678475;5001;50;3,8;BASICO;0001678475;5001;50;3,8;BASICO
"{ IdEstudiante = 0001678475, IdAsignatura = 6001, IdArea = 60, FinalPeriodo = 5,0, DesempeñoPeriodo = SUPERIOR }";0001678475;6001;60;5,0;SUPERIOR;0001678475;6001;60;5,0;SUPERIOR
"{ IdEstudiante = 0001678475, IdAsignatura = 7001, IdArea = 70, FinalPeriodo = 3,5, DesempeñoPeriodo = BASICO }";0001678475;7001;70;3,5;BASICO;0001678475;7001;70;3,5;BASICO
"{ IdEstudiante = 0001678475, IdAsignatura = 7002, IdArea = 70, FinalPeriodo = 4,2, DesempeñoPeriodo = ALTO }";0001678475;7002;70;4,2;ALTO;0001678475;7002;70;4,2;ALTO
"{ IdEstudiante = 0001678475, IdAsignatura = 8002, IdArea = 80, FinalPeriodo = 3,8, DesempeñoPeriodo = BASICO }";0001678475;8002;80;3,8;BASICO;0001678475;8002;80;3,8;BASICO
"{ IdEstudiante = 0001678475, IdAsignatura = 8003, IdArea = 80, FinalPeriodo = 3,8, DesempeñoPeriodo = BASICO }";0001678475;8003;80;3,8;BASICO;0001678475;8003;80;3,8;BASICO
"{ IdEstudiante = 0001678475, IdAsignatura = 8004, IdArea = 80, FinalPeriodo = 3,8, DesempeñoPeriodo = BASICO }";0001678475;8004;80;3,8;BASICO;0001678475;8004;80;3,8;BASICO
"{ IdEstudiante = 0001678475, IdAsignatura = 9001, IdArea = 90, FinalPeriodo = 4,4, DesempeñoPeriodo = ALTO }";0001678475;9001;90;4,4;ALTO;0001678475;9001;90;4,4;ALTO
"{ IdEstudiante = 0001678476, IdAsignatura = 1002, IdArea = 10, FinalPeriodo = 4,5, DesempeñoPeriodo = ALTO }";0001678476;1002;10;4,5;ALTO;0001678476;1002;10;4,5;ALTO
"{ IdEstudiante = 0001678476, IdAsignatura = 2001, IdArea = 20, FinalPeriodo = 4,2, DesempeñoPeriodo = ALTO }";0001678476;2001;20;4,2;ALTO;0001678476;2001;20;4,2;ALTO
"{ IdEstudiante = 0001678476, IdAsignatura = 3001, IdArea = 30, FinalPeriodo = 3,7, DesempeñoPeriodo = BASICO }";0001678476;3001;30;3,7;BASICO;0001678476;3001;30;3,7;BASICO
"{ IdEstudiante = 0001678476, IdAsignatura = 4001, IdArea = 40, FinalPeriodo = 4,5, DesempeñoPeriodo = ALTO }";0001678476;4001;40;4,5;ALTO;0001678476;4001;40;4,5;ALTO
"{ IdEstudiante = 0001678476, IdAsignatura = 5001, IdArea = 50, FinalPeriodo = 3,7, DesempeñoPeriodo = BASICO }";0001678476;5001;50;3,7;BASICO;0001678476;5001;50;3,7;BASICO
"{ IdEstudiante = 0001678476, IdAsignatura = 6001, IdArea = 60, FinalPeriodo = 4,0, DesempeñoPeriodo = ALTO }";0001678476;6001;60;4,0;ALTO;0001678476;6001;60;4,0;ALTO
"{ IdEstudiante = 0001678476, IdAsignatura = 7001, IdArea = 70, FinalPeriodo = 4,1, DesempeñoPeriodo = ALTO }";0001678476;7001;70;4,1;ALTO;0001678476;7001;70;4,1;ALTO
"{ IdEstudiante = 0001678476, IdAsignatura = 7002, IdArea = 70, FinalPeriodo = 4,2, DesempeñoPeriodo = ALTO }";0001678476;7002;70;4,2;ALTO;0001678476;7002;70;4,2;ALTO
"{ IdEstudiante = 0001678476, IdAsignatura = 8002, IdArea = 80, FinalPeriodo = 3,8, DesempeñoPeriodo = BASICO }";0001678476;8002;80;3,8;BASICO;0001678476;8002;80;3,8;BASICO
"{ IdEstudiante = 0001678476, IdAsignatura = 8003, IdArea = 80, FinalPeriodo = 3,8, DesempeñoPeriodo = BASICO }";0001678476;8003;80;3,8;BASICO;0001678476;8003;80;3,8;BASICO
"{ IdEstudiante = 0001678476, IdAsignatura = 8004, IdArea = 80, FinalPeriodo = 3,8, DesempeñoPeriodo = BASICO }";0001678476;8004;80;3,8;BASICO;0001678476;8004;80;3,8;BASICO
"{ IdEstudiante = 0001678476, IdAsignatura = 9001, IdArea = 90, FinalPeriodo = 4,1, DesempeñoPeriodo = ALTO }";0001678476;9001;90;4,1;ALTO;0001678476;9001;90;4,1;ALTO
"{ IdEstudiante = 0001678477, IdAsignatura = 1002, IdArea = 10, FinalPeriodo = 4,1, DesempeñoPeriodo = ALTO }";0001678477;1002;10;4,1;ALTO;0001678477;1002;10;4,1;ALTO
"{ IdEstudiante = 0001678477, IdAsignatura = 2001, IdArea = 20, FinalPeriodo = 4,0, DesempeñoPeriodo = ALTO }";0001678477;2001;20;4,0;ALTO;0001678477;2001;20;4,0;ALTO
"{ IdEstudiante = 0001678477, IdAsignatura = 3001, IdArea = 30, FinalPeriodo = 4,0, DesempeñoPeriodo = ALTO }";0001678477;3001;30;4,0;ALTO;0001678477;3001;30;4,0;ALTO
"{ IdEstudiante = 0001678477, IdAsignatura = 4001, IdArea = 40, FinalPeriodo = 4,5, DesempeñoPeriodo = ALTO }";0001678477;4001;40;4,5;ALTO;0001678477;4001;40;4,5;ALTO
"{ IdEstudiante = 0001678477, IdAsignatura = 5001, IdArea = 50, FinalPeriodo = 4,0, DesempeñoPeriodo = ALTO }";0001678477;5001;50;4,0;ALTO;0001678477;5001;50;4,0;ALTO
"{ IdEstudiante = 0001678477, IdAsignatura = 6001, IdArea = 60, FinalPeriodo = 5,0, DesempeñoPeriodo = SUPERIOR }";0001678477;6001;60;5,0;SUPERIOR;0001678477;6001;60;5,0;SUPERIOR
"{ IdEstudiante = 0001678477, IdAsignatura = 7001, IdArea = 70, FinalPeriodo = 4,0, DesempeñoPeriodo = ALTO }";0001678477;7001;70;4,0;ALTO;0001678477;7001;70;4,0;ALTO
"{ IdEstudiante = 0001678477, IdAsignatura = 7002, IdArea = 70, FinalPeriodo = 4,2, DesempeñoPeriodo = ALTO }";0001678477;7002;70;4,2;ALTO;0001678477;7002;70;4,2;ALTO
"{ IdEstudiante = 0001678477, IdAsignatura = 8002, IdArea = 80, FinalPeriodo = 3,6, DesempeñoPeriodo = BASICO }";0001678477;8002;80;3,6;BASICO;0001678477;8002;80;3,6;BASICO
"{ IdEstudiante = 0001678477, IdAsignatura = 8003, IdArea = 80, FinalPeriodo = 3,6, DesempeñoPeriodo = BASICO }";0001678477;8003;80;3,6;BASICO;0001678477;8003;80;3,6;BASICO
"{ IdEstudiante = 0001678477, IdAsignatura = 8004, IdArea = 80, FinalPeriodo = 3,6, DesempeñoPeriodo = BASICO }";0001678477;8004;80;3,6;BASICO;0001678477;8004;80;3,6;BASICO
"{ IdEstudiante = 0001678477, IdAsignatura = 9001, IdArea = 90, FinalPeriodo = 4,2, DesempeñoPeriodo = ALTO }";0001678477;9001;90;4,2;ALTO;0001678477;9001;90;4,2;ALTO
"{ IdEstudiante = 0001678478, IdAsignatura = 1002, IdArea = 10, FinalPeriodo = , DesempeñoPeriodo =  }";0001678478;1002;10;"";"";0001678478;1002;10;"";""
"{ IdEstudiante = 0001678478, IdAsignatura = 2001, IdArea = 20, FinalPeriodo = , DesempeñoPeriodo =  }";0001678478;2001;20;"";"";0001678478;2001;20;"";""
"{ IdEstudiante = 0001678478, IdAsignatura = 3001, IdArea = 30, FinalPeriodo = , DesempeñoPeriodo =  }";0001678478;3001;30;"";"";0001678478;3001;30;"";""
"{ IdEstudiante = 0001678478, IdAsignatura = 4001, IdArea = 40, FinalPeriodo = , DesempeñoPeriodo =  }";0001678478;4001;40;"";"";0001678478;4001;40;"";""
"{ IdEstudiante = 0001678478, IdAsignatura = 5001, IdArea = 50, FinalPeriodo = , DesempeñoPeriodo =  }";0001678478;5001;50;"";"";0001678478;5001;50;"";""
"{ IdEstudiante = 0001678478, IdAsignatura = 6001, IdArea = 60, FinalPeriodo = 1,0, DesempeñoPeriodo = BAJO }";0001678478;6001;60;1,0;BAJO;0001678478;6001;60;1,0;BAJO
"{ IdEstudiante = 0001678478, IdAsignatura = 7001, IdArea = 70, FinalPeriodo = 1,0, DesempeñoPeriodo = BAJO }";0001678478;7001;70;1,0;BAJO;0001678478;7001;70;1,0;BAJO
"{ IdEstudiante = 0001678478, IdAsignatura = 7002, IdArea = 70, FinalPeriodo = 1,0, DesempeñoPeriodo = BAJO }";0001678478;7002;70;1,0;BAJO;0001678478;7002;70;1,0;BAJO
"{ IdEstudiante = 0001678478, IdAsignatura = 8002, IdArea = 80, FinalPeriodo = 1,0, DesempeñoPeriodo = BAJO }";0001678478;8002;80;1,0;BAJO;0001678478;8002;80;1,0;BAJO
"{ IdEstudiante = 0001678478, IdAsignatura = 8003, IdArea = 80, FinalPeriodo = 1,0, DesempeñoPeriodo = BAJO }";0001678478;8003;80;1,0;BAJO;0001678478;8003;80;1,0;BAJO
"{ IdEstudiante = 0001678478, IdAsignatura = 8004, IdArea = 80, FinalPeriodo = 1,0, DesempeñoPeriodo = BAJO }";0001678478;8004;80;1,0;BAJO;0001678478;8004;80;1,0;BAJO
"{ IdEstudiante = 0001678478, IdAsignatura = 9001, IdArea = 90, FinalPeriodo = 1,0, DesempeñoPeriodo = BAJO }";0001678478;9001;90;1,0;BAJO;0001678478;9001;90;1,0;BAJO
"{ IdEstudiante = 0001678479, IdAsignatura = 1002, IdArea = 10, FinalPeriodo = 1,0, DesempeñoPeriodo = BAJO }";0001678479;1002;10;1,0;BAJO;0001678479;1002;10;1,0;BAJO
"{ IdEstudiante = 0001678479, IdAsignatura = 2001, IdArea = 20, FinalPeriodo = 2,0, DesempeñoPeriodo = BAJO }";0001678479;2001;20;2,0;BAJO;0001678479;2001;20;2,0;BAJO
"{ IdEstudiante = 0001678479, IdAsignatura = 3001, IdArea = 30, FinalPeriodo = 3,7, DesempeñoPeriodo = BASICO }";0001678479;3001;30;3,7;BASICO;0001678479;3001;30;3,7;BASICO
"{ IdEstudiante = 0001678479, IdAsignatura = 4001, IdArea = 40, FinalPeriodo = 1,0, DesempeñoPeriodo = BAJO }";0001678479;4001;40;1,0;BAJO;0001678479;4001;40;1,0;BAJO
"{ IdEstudiante = 0001678479, IdAsignatura = 5001, IdArea = 50, FinalPeriodo = 3,5, DesempeñoPeriodo = BASICO }";0001678479;5001;50;3,5;BASICO;0001678479;5001;50;3,5;BASICO
"{ IdEstudiante = 0001678479, IdAsignatura = 6001, IdArea = 60, FinalPeriodo = 1,0, DesempeñoPeriodo = BAJO }";0001678479;6001;60;1,0;BAJO;0001678479;6001;60;1,0;BAJO
"{ IdEstudiante = 0001678479, IdAsignatura = 7001, IdArea = 70, FinalPeriodo = 2,0, DesempeñoPeriodo = BAJO }";0001678479;7001;70;2,0;BAJO;0001678479;7001;70;2,0;BAJO
"{ IdEstudiante = 0001678479, IdAsignatura = 7002, IdArea = 70, FinalPeriodo = 3,1, DesempeñoPeriodo = BASICO }";0001678479;7002;70;3,1;BASICO;0001678479;7002;70;3,1;BASICO
"{ IdEstudiante = 0001678479, IdAsignatura = 8002, IdArea = 80, FinalPeriodo = 1,0, DesempeñoPeriodo = BAJO }";0001678479;8002;80;1,0;BAJO;0001678479;8002;80;1,0;BAJO
"{ IdEstudiante = 0001678479, IdAsignatura = 8003, IdArea = 80, FinalPeriodo = 1,0, DesempeñoPeriodo = BAJO }";0001678479;8003;80;1,0;BAJO;0001678479;8003;80;1,0;BAJO
"{ IdEstudiante = 0001678479, IdAsignatura = 8004, IdArea = 80, FinalPeriodo = 1,0, DesempeñoPeriodo = BAJO }";0001678479;8004;80;1,0;BAJO;0001678479;8004;80;1,0;BAJO
"{ IdEstudiante = 0001678479, IdAsignatura = 9001, IdArea = 90, FinalPeriodo = 3,4, DesempeñoPeriodo = BASICO }";0001678479;9001;90;3,4;BASICO;0001678479;9001;90;3,4;BASICO
"{ IdEstudiante = 0001678480, IdAsignatura = 1002, IdArea = 10, FinalPeriodo = 4,0, DesempeñoPeriodo = ALTO }";0001678480;1002;10;4,0;ALTO;0001678480;1002;10;4,0;ALTO
"{ IdEstudiante = 0001678480, IdAsignatura = 2001, IdArea = 20, FinalPeriodo = 3,0, DesempeñoPeriodo = BASICO }";0001678480;2001;20;3,0;BASICO;0001678480;2001;20;3,0;BASICO
"{ IdEstudiante = 0001678480, IdAsignatura = 3001, IdArea = 30, FinalPeriodo = 3,6, DesempeñoPeriodo = BASICO }";0001678480;3001;30;3,6;BASICO;0001678480;3001;30;3,6;BASICO
"{ IdEstudiante = 0001678480, IdAsignatura = 4001, IdArea = 40, FinalPeriodo = 4,1, DesempeñoPeriodo = ALTO }";0001678480;4001;40;4,1;ALTO;0001678480;4001;40;4,1;ALTO
"{ IdEstudiante = 0001678480, IdAsignatura = 5001, IdArea = 50, FinalPeriodo = 3,1, DesempeñoPeriodo = BASICO }";0001678480;5001;50;3,1;BASICO;0001678480;5001;50;3,1;BASICO
"{ IdEstudiante = 0001678480, IdAsignatura = 6001, IdArea = 60, FinalPeriodo = 4,0, DesempeñoPeriodo = ALTO }";0001678480;6001;60;4,0;ALTO;0001678480;6001;60;4,0;ALTO
"{ IdEstudiante = 0001678480, IdAsignatura = 7001, IdArea = 70, FinalPeriodo = 3,8, DesempeñoPeriodo = BASICO }";0001678480;7001;70;3,8;BASICO;0001678480;7001;70;3,8;BASICO
"{ IdEstudiante = 0001678480, IdAsignatura = 7002, IdArea = 70, FinalPeriodo = 3,2, DesempeñoPeriodo = BASICO }";0001678480;7002;70;3,2;BASICO;0001678480;7002;70;3,2;BASICO
"{ IdEstudiante = 0001678480, IdAsignatura = 8002, IdArea = 80, FinalPeriodo = 3,5, DesempeñoPeriodo = BASICO }";0001678480;8002;80;3,5;BASICO;0001678480;8002;80;3,5;BASICO
"{ IdEstudiante = 0001678480, IdAsignatura = 8003, IdArea = 80, FinalPeriodo = 3,8, DesempeñoPeriodo = BASICO }";0001678480;8003;80;3,8;BASICO;0001678480;8003;80;3,8;BASICO
"{ IdEstudiante = 0001678480, IdAsignatura = 8004, IdArea = 80, FinalPeriodo = 3,8, DesempeñoPeriodo = BASICO }";0001678480;8004;80;3,8;BASICO;0001678480;8004;80;3,8;BASICO
"{ IdEstudiante = 0001678480, IdAsignatura = 9001, IdArea = 90, FinalPeriodo = 3,5, DesempeñoPeriodo = BASICO }";0001678480;9001;90;3,5;BASICO;0001678480;9001;90;3,5;BASICO
"{ IdEstudiante = 0001678481, IdAsignatura = 1002, IdArea = 10, FinalPeriodo = 3,0, DesempeñoPeriodo = BASICO }";0001678481;1002;10;3,0;BASICO;0001678481;1002;10;3,0;BASICO
"{ IdEstudiante = 0001678481, IdAsignatura = 2001, IdArea = 20, FinalPeriodo = 4,2, DesempeñoPeriodo = ALTO }";0001678481;2001;20;4,2;ALTO;0001678481;2001;20;4,2;ALTO
"{ IdEstudiante = 0001678481, IdAsignatura = 3001, IdArea = 30, FinalPeriodo = 4,0, DesempeñoPeriodo = ALTO }";0001678481;3001;30;4,0;ALTO;0001678481;3001;30;4,0;ALTO
"{ IdEstudiante = 0001678481, IdAsignatura = 4001, IdArea = 40, FinalPeriodo = 4,4, DesempeñoPeriodo = ALTO }";0001678481;4001;40;4,4;ALTO;0001678481;4001;40;4,4;ALTO
"{ IdEstudiante = 0001678481, IdAsignatura = 5001, IdArea = 50, FinalPeriodo = 4,0, DesempeñoPeriodo = ALTO }";0001678481;5001;50;4,0;ALTO;0001678481;5001;50;4,0;ALTO
"{ IdEstudiante = 0001678481, IdAsignatura = 6001, IdArea = 60, FinalPeriodo = 5,0, DesempeñoPeriodo = SUPERIOR }";0001678481;6001;60;5,0;SUPERIOR;0001678481;6001;60;5,0;SUPERIOR
"{ IdEstudiante = 0001678481, IdAsignatura = 7001, IdArea = 70, FinalPeriodo = 4,3, DesempeñoPeriodo = ALTO }";0001678481;7001;70;4,3;ALTO;0001678481;7001;70;4,3;ALTO
"{ IdEstudiante = 0001678481, IdAsignatura = 7002, IdArea = 70, FinalPeriodo = 4,5, DesempeñoPeriodo = ALTO }";0001678481;7002;70;4,5;ALTO;0001678481;7002;70;4,5;ALTO
"{ IdEstudiante = 0001678481, IdAsignatura = 8002, IdArea = 80, FinalPeriodo = 3,3, DesempeñoPeriodo = BASICO }";0001678481;8002;80;3,3;BASICO;0001678481;8002;80;3,3;BASICO
"{ IdEstudiante = 0001678481, IdAsignatura = 8003, IdArea = 80, FinalPeriodo = 3,5, DesempeñoPeriodo = BASICO }";0001678481;8003;80;3,5;BASICO;0001678481;8003;80;3,5;BASICO
"{ IdEstudiante = 0001678481, IdAsignatura = 8004, IdArea = 80, FinalPeriodo = 3,5, DesempeñoPeriodo = BASICO }";0001678481;8004;80;3,5;BASICO;0001678481;8004;80;3,5;BASICO
"{ IdEstudiante = 0001678481, IdAsignatura = 9001, IdArea = 90, FinalPeriodo = 4,1, DesempeñoPeriodo = ALTO }";0001678481;9001;90;4,1;ALTO;0001678481;9001;90;4,1;ALTO
"{ IdEstudiante = 0001678482, IdAsignatura = 1002, IdArea = 10, FinalPeriodo = 3,5, DesempeñoPeriodo = BASICO }";0001678482;1002;10;3,5;BASICO;0001678482;1002;10;3,5;BASICO
"{ IdEstudiante = 0001678482, IdAsignatura = 2001, IdArea = 20, FinalPeriodo = 2,0, DesempeñoPeriodo = BAJO }";0001678482;2001;20;2,0;BAJO;0001678482;2001;20;2,0;BAJO
"{ IdEstudiante = 0001678482, IdAsignatura = 3001, IdArea = 30, FinalPeriodo = 4,0, DesempeñoPeriodo = ALTO }";0001678482;3001;30;4,0;ALTO;0001678482;3001;30;4,0;ALTO
"{ IdEstudiante = 0001678482, IdAsignatura = 4001, IdArea = 40, FinalPeriodo = 4,4, DesempeñoPeriodo = ALTO }";0001678482;4001;40;4,4;ALTO;0001678482;4001;40;4,4;ALTO
"{ IdEstudiante = 0001678482, IdAsignatura = 5001, IdArea = 50, FinalPeriodo = 4,0, DesempeñoPeriodo = ALTO }";0001678482;5001;50;4,0;ALTO;0001678482;5001;50;4,0;ALTO
"{ IdEstudiante = 0001678482, IdAsignatura = 6001, IdArea = 60, FinalPeriodo = 3,4, DesempeñoPeriodo = BASICO }";0001678482;6001;60;3,4;BASICO;0001678482;6001;60;3,4;BASICO
"{ IdEstudiante = 0001678482, IdAsignatura = 7001, IdArea = 70, FinalPeriodo = 3,8, DesempeñoPeriodo = BASICO }";0001678482;7001;70;3,8;BASICO;0001678482;7001;70;3,8;BASICO
"{ IdEstudiante = 0001678482, IdAsignatura = 7002, IdArea = 70, FinalPeriodo = 3,6, DesempeñoPeriodo = BASICO }";0001678482;7002;70;3,6;BASICO;0001678482;7002;70;3,6;BASICO
"{ IdEstudiante = 0001678482, IdAsignatura = 8002, IdArea = 80, FinalPeriodo = 3,0, DesempeñoPeriodo = BASICO }";0001678482;8002;80;3,0;BASICO;0001678482;8002;80;3,0;BASICO
"{ IdEstudiante = 0001678482, IdAsignatura = 8003, IdArea = 80, FinalPeriodo = 3,4, DesempeñoPeriodo = BASICO }";0001678482;8003;80;3,4;BASICO;0001678482;8003;80;3,4;BASICO
"{ IdEstudiante = 0001678482, IdAsignatura = 8004, IdArea = 80, FinalPeriodo = 3,4, DesempeñoPeriodo = BASICO }";0001678482;8004;80;3,4;BASICO;0001678482;8004;80;3,4;BASICO
"{ IdEstudiante = 0001678482, IdAsignatura = 9001, IdArea = 90, FinalPeriodo = 4,0, DesempeñoPeriodo = ALTO }";0001678482;9001;90;4,0;ALTO;0001678482;9001;90;4,0;ALTO
"{ IdEstudiante = 0001678483, IdAsignatura = 1002, IdArea = 10, FinalPeriodo = 4,4, DesempeñoPeriodo = ALTO }";0001678483;1002;10;4,4;ALTO;0001678483;1002;10;4,4;ALTO
"{ IdEstudiante = 0001678483, IdAsignatura = 2001, IdArea = 20, FinalPeriodo = 4,0, DesempeñoPeriodo = ALTO }";0001678483;2001;20;4,0;ALTO;0001678483;2001;20;4,0;ALTO
"{ IdEstudiante = 0001678483, IdAsignatura = 3001, IdArea = 30, FinalPeriodo = 4,0, DesempeñoPeriodo = ALTO }";0001678483;3001;30;4,0;ALTO;0001678483;3001;30;4,0;ALTO
"{ IdEstudiante = 0001678483, IdAsignatura = 4001, IdArea = 40, FinalPeriodo = 4,3, DesempeñoPeriodo = ALTO }";0001678483;4001;40;4,3;ALTO;0001678483;4001;40;4,3;ALTO
"{ IdEstudiante = 0001678483, IdAsignatura = 5001, IdArea = 50, FinalPeriodo = 4,0, DesempeñoPeriodo = ALTO }";0001678483;5001;50;4,0;ALTO;0001678483;5001;50;4,0;ALTO
"{ IdEstudiante = 0001678483, IdAsignatura = 6001, IdArea = 60, FinalPeriodo = 5,0, DesempeñoPeriodo = SUPERIOR }";0001678483;6001;60;5,0;SUPERIOR;0001678483;6001;60;5,0;SUPERIOR
"{ IdEstudiante = 0001678483, IdAsignatura = 7001, IdArea = 70, FinalPeriodo = 3,6, DesempeñoPeriodo = BASICO }";0001678483;7001;70;3,6;BASICO;0001678483;7001;70;3,6;BASICO
"{ IdEstudiante = 0001678483, IdAsignatura = 7002, IdArea = 70, FinalPeriodo = 4,0, DesempeñoPeriodo = ALTO }";0001678483;7002;70;4,0;ALTO;0001678483;7002;70;4,0;ALTO
"{ IdEstudiante = 0001678483, IdAsignatura = 8002, IdArea = 80, FinalPeriodo = 4,1, DesempeñoPeriodo = ALTO }";0001678483;8002;80;4,1;ALTO;0001678483;8002;80;4,1;ALTO
"{ IdEstudiante = 0001678483, IdAsignatura = 8003, IdArea = 80, FinalPeriodo = 4,0, DesempeñoPeriodo = ALTO }";0001678483;8003;80;4,0;ALTO;0001678483;8003;80;4,0;ALTO
"{ IdEstudiante = 0001678483, IdAsignatura = 8004, IdArea = 80, FinalPeriodo = 4,0, DesempeñoPeriodo = ALTO }";0001678483;8004;80;4,0;ALTO;0001678483;8004;80;4,0;ALTO
"{ IdEstudiante = 0001678483, IdAsignatura = 9001, IdArea = 90, FinalPeriodo = 4,1, DesempeñoPeriodo = ALTO }";0001678483;9001;90;4,1;ALTO;0001678483;9001;90;4,1;ALTO
"{ IdEstudiante = 0001678484, IdAsignatura = 1002, IdArea = 10, FinalPeriodo = 3,7, DesempeñoPeriodo = BASICO }";0001678484;1002;10;3,7;BASICO;0001678484;1002;10;3,7;BASICO
"{ IdEstudiante = 0001678484, IdAsignatura = 2001, IdArea = 20, FinalPeriodo = 1,0, DesempeñoPeriodo = BAJO }";0001678484;2001;20;1,0;BAJO;0001678484;2001;20;1,0;BAJO
"{ IdEstudiante = 0001678484, IdAsignatura = 3001, IdArea = 30, FinalPeriodo = 3,5, DesempeñoPeriodo = BASICO }";0001678484;3001;30;3,5;BASICO;0001678484;3001;30;3,5;BASICO
"{ IdEstudiante = 0001678484, IdAsignatura = 4001, IdArea = 40, FinalPeriodo = 4,4, DesempeñoPeriodo = ALTO }";0001678484;4001;40;4,4;ALTO;0001678484;4001;40;4,4;ALTO
"{ IdEstudiante = 0001678484, IdAsignatura = 5001, IdArea = 50, FinalPeriodo = 4,0, DesempeñoPeriodo = ALTO }";0001678484;5001;50;4,0;ALTO;0001678484;5001;50;4,0;ALTO
"{ IdEstudiante = 0001678484, IdAsignatura = 6001, IdArea = 60, FinalPeriodo = 2,5, DesempeñoPeriodo = BAJO }";0001678484;6001;60;2,5;BAJO;0001678484;6001;60;2,5;BAJO
"{ IdEstudiante = 0001678484, IdAsignatura = 7001, IdArea = 70, FinalPeriodo = 2,0, DesempeñoPeriodo = BAJO }";0001678484;7001;70;2,0;BAJO;0001678484;7001;70;2,0;BAJO
"{ IdEstudiante = 0001678484, IdAsignatura = 7002, IdArea = 70, FinalPeriodo = 3,3, DesempeñoPeriodo = BASICO }";0001678484;7002;70;3,3;BASICO;0001678484;7002;70;3,3;BASICO
"{ IdEstudiante = 0001678484, IdAsignatura = 8002, IdArea = 80, FinalPeriodo = 1,0, DesempeñoPeriodo = BAJO }";0001678484;8002;80;1,0;BAJO;0001678484;8002;80;1,0;BAJO
"{ IdEstudiante = 0001678484, IdAsignatura = 8003, IdArea = 80, FinalPeriodo = 1,0, DesempeñoPeriodo = BAJO }";0001678484;8003;80;1,0;BAJO;0001678484;8003;80;1,0;BAJO
"{ IdEstudiante = 0001678484, IdAsignatura = 8004, IdArea = 80, FinalPeriodo = 1,0, DesempeñoPeriodo = BAJO }";0001678484;8004;80;1,0;BAJO;0001678484;8004;80;1,0;BAJO
"{ IdEstudiante = 0001678484, IdAsignatura = 9001, IdArea = 90, FinalPeriodo = 3,5, DesempeñoPeriodo = BASICO }";0001678484;9001;90;3,5;BASICO;0001678484;9001;90;3,5;BASICO
"{ IdEstudiante = 0001678485, IdAsignatura = 1002, IdArea = 10, FinalPeriodo = 3,5, DesempeñoPeriodo = BASICO }";0001678485;1002;10;3,5;BASICO;0001678485;1002;10;3,5;BASICO
"{ IdEstudiante = 0001678485, IdAsignatura = 2001, IdArea = 20, FinalPeriodo = 3,5, DesempeñoPeriodo = BASICO }";0001678485;2001;20;3,5;BASICO;0001678485;2001;20;3,5;BASICO
"{ IdEstudiante = 0001678485, IdAsignatura = 3001, IdArea = 30, FinalPeriodo = 4,0, DesempeñoPeriodo = ALTO }";0001678485;3001;30;4,0;ALTO;0001678485;3001;30;4,0;ALTO
"{ IdEstudiante = 0001678485, IdAsignatura = 4001, IdArea = 40, FinalPeriodo = 4,1, DesempeñoPeriodo = ALTO }";0001678485;4001;40;4,1;ALTO;0001678485;4001;40;4,1;ALTO
"{ IdEstudiante = 0001678485, IdAsignatura = 5001, IdArea = 50, FinalPeriodo = 4,0, DesempeñoPeriodo = ALTO }";0001678485;5001;50;4,0;ALTO;0001678485;5001;50;4,0;ALTO
"{ IdEstudiante = 0001678485, IdAsignatura = 6001, IdArea = 60, FinalPeriodo = 5,0, DesempeñoPeriodo = SUPERIOR }";0001678485;6001;60;5,0;SUPERIOR;0001678485;6001;60;5,0;SUPERIOR
"{ IdEstudiante = 0001678485, IdAsignatura = 7001, IdArea = 70, FinalPeriodo = 3,5, DesempeñoPeriodo = BASICO }";0001678485;7001;70;3,5;BASICO;0001678485;7001;70;3,5;BASICO
"{ IdEstudiante = 0001678485, IdAsignatura = 7002, IdArea = 70, FinalPeriodo = 4,0, DesempeñoPeriodo = ALTO }";0001678485;7002;70;4,0;ALTO;0001678485;7002;70;4,0;ALTO
"{ IdEstudiante = 0001678485, IdAsignatura = 8002, IdArea = 80, FinalPeriodo = 3,6, DesempeñoPeriodo = BASICO }";0001678485;8002;80;3,6;BASICO;0001678485;8002;80;3,6;BASICO
"{ IdEstudiante = 0001678485, IdAsignatura = 8003, IdArea = 80, FinalPeriodo = 4,0, DesempeñoPeriodo = ALTO }";0001678485;8003;80;4,0;ALTO;0001678485;8003;80;4,0;ALTO
"{ IdEstudiante = 0001678485, IdAsignatura = 8004, IdArea = 80, FinalPeriodo = 4,0, DesempeñoPeriodo = ALTO }";0001678485;8004;80;4,0;ALTO;0001678485;8004;80;4,0;ALTO
"{ IdEstudiante = 0001678485, IdAsignatura = 9001, IdArea = 90, FinalPeriodo = 4,0, DesempeñoPeriodo = ALTO }";0001678485;9001;90;4,0;ALTO;0001678485;9001;90;4,0;ALTO
"{ IdEstudiante = 0001678486, IdAsignatura = 1002, IdArea = 10, FinalPeriodo = 3,5, DesempeñoPeriodo = BASICO }";0001678486;1002;10;3,5;BASICO;0001678486;1002;10;3,5;BASICO
"{ IdEstudiante = 0001678486, IdAsignatura = 2001, IdArea = 20, FinalPeriodo = 3,0, DesempeñoPeriodo = BASICO }";0001678486;2001;20;3,0;BASICO;0001678486;2001;20;3,0;BASICO
"{ IdEstudiante = 0001678486, IdAsignatura = 3001, IdArea = 30, FinalPeriodo = 4,0, DesempeñoPeriodo = ALTO }";0001678486;3001;30;4,0;ALTO;0001678486;3001;30;4,0;ALTO
"{ IdEstudiante = 0001678486, IdAsignatura = 4001, IdArea = 40, FinalPeriodo = 4,1, DesempeñoPeriodo = ALTO }";0001678486;4001;40;4,1;ALTO;0001678486;4001;40;4,1;ALTO
"{ IdEstudiante = 0001678486, IdAsignatura = 5001, IdArea = 50, FinalPeriodo = 3,7, DesempeñoPeriodo = BASICO }";0001678486;5001;50;3,7;BASICO;0001678486;5001;50;3,7;BASICO
"{ IdEstudiante = 0001678486, IdAsignatura = 6001, IdArea = 60, FinalPeriodo = 3,4, DesempeñoPeriodo = BASICO }";0001678486;6001;60;3,4;BASICO;0001678486;6001;60;3,4;BASICO
"{ IdEstudiante = 0001678486, IdAsignatura = 7001, IdArea = 70, FinalPeriodo = 2,0, DesempeñoPeriodo = BAJO }";0001678486;7001;70;2,0;BAJO;0001678486;7001;70;2,0;BAJO
"{ IdEstudiante = 0001678486, IdAsignatura = 7002, IdArea = 70, FinalPeriodo = 3,3, DesempeñoPeriodo = BASICO }";0001678486;7002;70;3,3;BASICO;0001678486;7002;70;3,3;BASICO
"{ IdEstudiante = 0001678486, IdAsignatura = 8002, IdArea = 80, FinalPeriodo = 1,0, DesempeñoPeriodo = BAJO }";0001678486;8002;80;1,0;BAJO;0001678486;8002;80;1,0;BAJO
"{ IdEstudiante = 0001678486, IdAsignatura = 8003, IdArea = 80, FinalPeriodo = 3,0, DesempeñoPeriodo = BASICO }";0001678486;8003;80;3,0;BASICO;0001678486;8003;80;3,0;BASICO
"{ IdEstudiante = 0001678486, IdAsignatura = 8004, IdArea = 80, FinalPeriodo = 3,0, DesempeñoPeriodo = BASICO }";0001678486;8004;80;3,0;BASICO;0001678486;8004;80;3,0;BASICO
"{ IdEstudiante = 0001678486, IdAsignatura = 9001, IdArea = 90, FinalPeriodo = 4,0, DesempeñoPeriodo = ALTO }";0001678486;9001;90;4,0;ALTO;0001678486;9001;90;4,0;ALTO
"{ IdEstudiante = 0001678487, IdAsignatura = 1002, IdArea = 10, FinalPeriodo = 3,5, DesempeñoPeriodo = BASICO }";0001678487;1002;10;3,5;BASICO;0001678487;1002;10;3,5;BASICO
"{ IdEstudiante = 0001678487, IdAsignatura = 2001, IdArea = 20, FinalPeriodo = 3,5, DesempeñoPeriodo = BASICO }";0001678487;2001;20;3,5;BASICO;0001678487;2001;20;3,5;BASICO
"{ IdEstudiante = 0001678487, IdAsignatura = 3001, IdArea = 30, FinalPeriodo = 3,9, DesempeñoPeriodo = BASICO }";0001678487;3001;30;3,9;BASICO;0001678487;3001;30;3,9;BASICO
"{ IdEstudiante = 0001678487, IdAsignatura = 4001, IdArea = 40, FinalPeriodo = 4,5, DesempeñoPeriodo = ALTO }";0001678487;4001;40;4,5;ALTO;0001678487;4001;40;4,5;ALTO
"{ IdEstudiante = 0001678487, IdAsignatura = 5001, IdArea = 50, FinalPeriodo = 3,7, DesempeñoPeriodo = BASICO }";0001678487;5001;50;3,7;BASICO;0001678487;5001;50;3,7;BASICO
"{ IdEstudiante = 0001678487, IdAsignatura = 6001, IdArea = 60, FinalPeriodo = 3,4, DesempeñoPeriodo = BASICO }";0001678487;6001;60;3,4;BASICO;0001678487;6001;60;3,4;BASICO
"{ IdEstudiante = 0001678487, IdAsignatura = 7001, IdArea = 70, FinalPeriodo = 2,0, DesempeñoPeriodo = BAJO }";0001678487;7001;70;2,0;BAJO;0001678487;7001;70;2,0;BAJO
"{ IdEstudiante = 0001678487, IdAsignatura = 7002, IdArea = 70, FinalPeriodo = 3,3, DesempeñoPeriodo = BASICO }";0001678487;7002;70;3,3;BASICO;0001678487;7002;70;3,3;BASICO
"{ IdEstudiante = 0001678487, IdAsignatura = 8002, IdArea = 80, FinalPeriodo = 3,6, DesempeñoPeriodo = BASICO }";0001678487;8002;80;3,6;BASICO;0001678487;8002;80;3,6;BASICO
"{ IdEstudiante = 0001678487, IdAsignatura = 8003, IdArea = 80, FinalPeriodo = 4,0, DesempeñoPeriodo = ALTO }";0001678487;8003;80;4,0;ALTO;0001678487;8003;80;4,0;ALTO
"{ IdEstudiante = 0001678487, IdAsignatura = 8004, IdArea = 80, FinalPeriodo = 4,0, DesempeñoPeriodo = ALTO }";0001678487;8004;80;4,0;ALTO;0001678487;8004;80;4,0;ALTO
"{ IdEstudiante = 0001678487, IdAsignatura = 9001, IdArea = 90, FinalPeriodo = 3,6, DesempeñoPeriodo = BASICO }";0001678487;9001;90;3,6;BASICO;0001678487;9001;90;3,6;BASICO
"{ IdEstudiante = 0001678488, IdAsignatura = 1002, IdArea = 10, FinalPeriodo = 3,7, DesempeñoPeriodo = BASICO }";0001678488;1002;10;3,7;BASICO;0001678488;1002;10;3,7;BASICO
"{ IdEstudiante = 0001678488, IdAsignatura = 2001, IdArea = 20, FinalPeriodo = 3,2, DesempeñoPeriodo = BASICO }";0001678488;2001;20;3,2;BASICO;0001678488;2001;20;3,2;BASICO
"{ IdEstudiante = 0001678488, IdAsignatura = 3001, IdArea = 30, FinalPeriodo = 1,0, DesempeñoPeriodo = BAJO }";0001678488;3001;30;1,0;BAJO;0001678488;3001;30;1,0;BAJO
"{ IdEstudiante = 0001678488, IdAsignatura = 4001, IdArea = 40, FinalPeriodo = 4,4, DesempeñoPeriodo = ALTO }";0001678488;4001;40;4,4;ALTO;0001678488;4001;40;4,4;ALTO
"{ IdEstudiante = 0001678488, IdAsignatura = 5001, IdArea = 50, FinalPeriodo = 3,7, DesempeñoPeriodo = BASICO }";0001678488;5001;50;3,7;BASICO;0001678488;5001;50;3,7;BASICO
"{ IdEstudiante = 0001678488, IdAsignatura = 6001, IdArea = 60, FinalPeriodo = 3,4, DesempeñoPeriodo = BASICO }";0001678488;6001;60;3,4;BASICO;0001678488;6001;60;3,4;BASICO
"{ IdEstudiante = 0001678488, IdAsignatura = 7001, IdArea = 70, FinalPeriodo = 3,5, DesempeñoPeriodo = BASICO }";0001678488;7001;70;3,5;BASICO;0001678488;7001;70;3,5;BASICO
"{ IdEstudiante = 0001678488, IdAsignatura = 7002, IdArea = 70, FinalPeriodo = 3,8, DesempeñoPeriodo = BASICO }";0001678488;7002;70;3,8;BASICO;0001678488;7002;70;3,8;BASICO
"{ IdEstudiante = 0001678488, IdAsignatura = 8002, IdArea = 80, FinalPeriodo = 3,3, DesempeñoPeriodo = BASICO }";0001678488;8002;80;3,3;BASICO;0001678488;8002;80;3,3;BASICO
"{ IdEstudiante = 0001678488, IdAsignatura = 8003, IdArea = 80, FinalPeriodo = 3,5, DesempeñoPeriodo = BASICO }";0001678488;8003;80;3,5;BASICO;0001678488;8003;80;3,5;BASICO
"{ IdEstudiante = 0001678488, IdAsignatura = 8004, IdArea = 80, FinalPeriodo = 3,5, DesempeñoPeriodo = BASICO }";0001678488;8004;80;3,5;BASICO;0001678488;8004;80;3,5;BASICO
"{ IdEstudiante = 0001678488, IdAsignatura = 9001, IdArea = 90, FinalPeriodo = 3,2, DesempeñoPeriodo = BASICO }";0001678488;9001;90;3,2;BASICO;0001678488;9001;90;3,2;BASICO
"{ IdEstudiante = 0001678489, IdAsignatura = 1002, IdArea = 10, FinalPeriodo = 4,5, DesempeñoPeriodo = ALTO }";0001678489;1002;10;4,5;ALTO;0001678489;1002;10;4,5;ALTO
"{ IdEstudiante = 0001678489, IdAsignatura = 2001, IdArea = 20, FinalPeriodo = 4,5, DesempeñoPeriodo = ALTO }";0001678489;2001;20;4,5;ALTO;0001678489;2001;20;4,5;ALTO
"{ IdEstudiante = 0001678489, IdAsignatura = 3001, IdArea = 30, FinalPeriodo = 4,0, DesempeñoPeriodo = ALTO }";0001678489;3001;30;4,0;ALTO;0001678489;3001;30;4,0;ALTO
"{ IdEstudiante = 0001678489, IdAsignatura = 4001, IdArea = 40, FinalPeriodo = 4,5, DesempeñoPeriodo = ALTO }";0001678489;4001;40;4,5;ALTO;0001678489;4001;40;4,5;ALTO
"{ IdEstudiante = 0001678489, IdAsignatura = 5001, IdArea = 50, FinalPeriodo = 4,0, DesempeñoPeriodo = ALTO }";0001678489;5001;50;4,0;ALTO;0001678489;5001;50;4,0;ALTO
"{ IdEstudiante = 0001678489, IdAsignatura = 6001, IdArea = 60, FinalPeriodo = 5,0, DesempeñoPeriodo = SUPERIOR }";0001678489;6001;60;5,0;SUPERIOR;0001678489;6001;60;5,0;SUPERIOR
"{ IdEstudiante = 0001678489, IdAsignatura = 7001, IdArea = 70, FinalPeriodo = 4,5, DesempeñoPeriodo = ALTO }";0001678489;7001;70;4,5;ALTO;0001678489;7001;70;4,5;ALTO
"{ IdEstudiante = 0001678489, IdAsignatura = 7002, IdArea = 70, FinalPeriodo = 4,5, DesempeñoPeriodo = ALTO }";0001678489;7002;70;4,5;ALTO;0001678489;7002;70;4,5;ALTO
"{ IdEstudiante = 0001678489, IdAsignatura = 8002, IdArea = 80, FinalPeriodo = 3,1, DesempeñoPeriodo = BASICO }";0001678489;8002;80;3,1;BASICO;0001678489;8002;80;3,1;BASICO
"{ IdEstudiante = 0001678489, IdAsignatura = 8003, IdArea = 80, FinalPeriodo = 3,5, DesempeñoPeriodo = BASICO }";0001678489;8003;80;3,5;BASICO;0001678489;8003;80;3,5;BASICO
"{ IdEstudiante = 0001678489, IdAsignatura = 8004, IdArea = 80, FinalPeriodo = 3,5, DesempeñoPeriodo = BASICO }";0001678489;8004;80;3,5;BASICO;0001678489;8004;80;3,5;BASICO
"{ IdEstudiante = 0001678489, IdAsignatura = 9001, IdArea = 90, FinalPeriodo = 4,5, DesempeñoPeriodo = ALTO }";0001678489;9001;90;4,5;ALTO;0001678489;9001;90;4,5;ALTO
"{ IdEstudiante = 0001678490, IdAsignatura = 1002, IdArea = 10, FinalPeriodo = 4,0, DesempeñoPeriodo = ALTO }";0001678490;1002;10;4,0;ALTO;0001678490;1002;10;4,0;ALTO
"{ IdEstudiante = 0001678490, IdAsignatura = 2001, IdArea = 20, FinalPeriodo = 3,5, DesempeñoPeriodo = BASICO }";0001678490;2001;20;3,5;BASICO;0001678490;2001;20;3,5;BASICO
"{ IdEstudiante = 0001678490, IdAsignatura = 3001, IdArea = 30, FinalPeriodo = 4,0, DesempeñoPeriodo = ALTO }";0001678490;3001;30;4,0;ALTO;0001678490;3001;30;4,0;ALTO
"{ IdEstudiante = 0001678490, IdAsignatura = 4001, IdArea = 40, FinalPeriodo = 4,5, DesempeñoPeriodo = ALTO }";0001678490;4001;40;4,5;ALTO;0001678490;4001;40;4,5;ALTO
"{ IdEstudiante = 0001678490, IdAsignatura = 5001, IdArea = 50, FinalPeriodo = 4,0, DesempeñoPeriodo = ALTO }";0001678490;5001;50;4,0;ALTO;0001678490;5001;50;4,0;ALTO
"{ IdEstudiante = 0001678490, IdAsignatura = 6001, IdArea = 60, FinalPeriodo = 4,0, DesempeñoPeriodo = ALTO }";0001678490;6001;60;4,0;ALTO;0001678490;6001;60;4,0;ALTO
"{ IdEstudiante = 0001678490, IdAsignatura = 7001, IdArea = 70, FinalPeriodo = 3,8, DesempeñoPeriodo = BASICO }";0001678490;7001;70;3,8;BASICO;0001678490;7001;70;3,8;BASICO
"{ IdEstudiante = 0001678490, IdAsignatura = 7002, IdArea = 70, FinalPeriodo = 4,0, DesempeñoPeriodo = ALTO }";0001678490;7002;70;4,0;ALTO;0001678490;7002;70;4,0;ALTO
"{ IdEstudiante = 0001678490, IdAsignatura = 8002, IdArea = 80, FinalPeriodo = 3,4, DesempeñoPeriodo = BASICO }";0001678490;8002;80;3,4;BASICO;0001678490;8002;80;3,4;BASICO
"{ IdEstudiante = 0001678490, IdAsignatura = 8003, IdArea = 80, FinalPeriodo = 3,6, DesempeñoPeriodo = BASICO }";0001678490;8003;80;3,6;BASICO;0001678490;8003;80;3,6;BASICO
"{ IdEstudiante = 0001678490, IdAsignatura = 8004, IdArea = 80, FinalPeriodo = 3,6, DesempeñoPeriodo = BASICO }";0001678490;8004;80;3,6;BASICO;0001678490;8004;80;3,6;BASICO
"{ IdEstudiante = 0001678490, IdAsignatura = 9001, IdArea = 90, FinalPeriodo = 3,8, DesempeñoPeriodo = BASICO }";0001678490;9001;90;3,8;BASICO;0001678490;9001;90;3,8;BASICO
"{ IdEstudiante = 0001678491, IdAsignatura = 1002, IdArea = 10, FinalPeriodo = 3,5, DesempeñoPeriodo = BASICO }";0001678491;1002;10;3,5;BASICO;0001678491;1002;10;3,5;BASICO
"{ IdEstudiante = 0001678491, IdAsignatura = 2001, IdArea = 20, FinalPeriodo = 4,2, DesempeñoPeriodo = ALTO }";0001678491;2001;20;4,2;ALTO;0001678491;2001;20;4,2;ALTO
"{ IdEstudiante = 0001678491, IdAsignatura = 3001, IdArea = 30, FinalPeriodo = 4,0, DesempeñoPeriodo = ALTO }";0001678491;3001;30;4,0;ALTO;0001678491;3001;30;4,0;ALTO
"{ IdEstudiante = 0001678491, IdAsignatura = 4001, IdArea = 40, FinalPeriodo = 4,5, DesempeñoPeriodo = ALTO }";0001678491;4001;40;4,5;ALTO;0001678491;4001;40;4,5;ALTO
"{ IdEstudiante = 0001678491, IdAsignatura = 5001, IdArea = 50, FinalPeriodo = 4,0, DesempeñoPeriodo = ALTO }";0001678491;5001;50;4,0;ALTO;0001678491;5001;50;4,0;ALTO
"{ IdEstudiante = 0001678491, IdAsignatura = 6001, IdArea = 60, FinalPeriodo = 4,0, DesempeñoPeriodo = ALTO }";0001678491;6001;60;4,0;ALTO;0001678491;6001;60;4,0;ALTO
"{ IdEstudiante = 0001678491, IdAsignatura = 7001, IdArea = 70, FinalPeriodo = 3,6, DesempeñoPeriodo = BASICO }";0001678491;7001;70;3,6;BASICO;0001678491;7001;70;3,6;BASICO
"{ IdEstudiante = 0001678491, IdAsignatura = 7002, IdArea = 70, FinalPeriodo = 4,1, DesempeñoPeriodo = ALTO }";0001678491;7002;70;4,1;ALTO;0001678491;7002;70;4,1;ALTO
"{ IdEstudiante = 0001678491, IdAsignatura = 8002, IdArea = 80, FinalPeriodo = 4,2, DesempeñoPeriodo = ALTO }";0001678491;8002;80;4,2;ALTO;0001678491;8002;80;4,2;ALTO
"{ IdEstudiante = 0001678491, IdAsignatura = 8003, IdArea = 80, FinalPeriodo = 4,0, DesempeñoPeriodo = ALTO }";0001678491;8003;80;4,0;ALTO;0001678491;8003;80;4,0;ALTO
"{ IdEstudiante = 0001678491, IdAsignatura = 8004, IdArea = 80, FinalPeriodo = 4,0, DesempeñoPeriodo = ALTO }";0001678491;8004;80;4,0;ALTO;0001678491;8004;80;4,0;ALTO
"{ IdEstudiante = 0001678491, IdAsignatura = 9001, IdArea = 90, FinalPeriodo = 4,1, DesempeñoPeriodo = ALTO }";0001678491;9001;90;4,1;ALTO;0001678491;9001;90;4,1;ALTO
"{ IdEstudiante = 0001678492, IdAsignatura = 1002, IdArea = 10, FinalPeriodo = 4,1, DesempeñoPeriodo = ALTO }";0001678492;1002;10;4,1;ALTO;0001678492;1002;10;4,1;ALTO
"{ IdEstudiante = 0001678492, IdAsignatura = 2001, IdArea = 20, FinalPeriodo = 4,0, DesempeñoPeriodo = ALTO }";0001678492;2001;20;4,0;ALTO;0001678492;2001;20;4,0;ALTO
"{ IdEstudiante = 0001678492, IdAsignatura = 3001, IdArea = 30, FinalPeriodo = 4,0, DesempeñoPeriodo = ALTO }";0001678492;3001;30;4,0;ALTO;0001678492;3001;30;4,0;ALTO
"{ IdEstudiante = 0001678492, IdAsignatura = 4001, IdArea = 40, FinalPeriodo = 4,4, DesempeñoPeriodo = ALTO }";0001678492;4001;40;4,4;ALTO;0001678492;4001;40;4,4;ALTO
"{ IdEstudiante = 0001678492, IdAsignatura = 5001, IdArea = 50, FinalPeriodo = 4,0, DesempeñoPeriodo = ALTO }";0001678492;5001;50;4,0;ALTO;0001678492;5001;50;4,0;ALTO
"{ IdEstudiante = 0001678492, IdAsignatura = 6001, IdArea = 60, FinalPeriodo = 3,4, DesempeñoPeriodo = BASICO }";0001678492;6001;60;3,4;BASICO;0001678492;6001;60;3,4;BASICO
"{ IdEstudiante = 0001678492, IdAsignatura = 7001, IdArea = 70, FinalPeriodo = 3,5, DesempeñoPeriodo = BASICO }";0001678492;7001;70;3,5;BASICO;0001678492;7001;70;3,5;BASICO
"{ IdEstudiante = 0001678492, IdAsignatura = 7002, IdArea = 70, FinalPeriodo = 3,5, DesempeñoPeriodo = BASICO }";0001678492;7002;70;3,5;BASICO;0001678492;7002;70;3,5;BASICO
"{ IdEstudiante = 0001678492, IdAsignatura = 8002, IdArea = 80, FinalPeriodo = 4,2, DesempeñoPeriodo = ALTO }";0001678492;8002;80;4,2;ALTO;0001678492;8002;80;4,2;ALTO
"{ IdEstudiante = 0001678492, IdAsignatura = 8003, IdArea = 80, FinalPeriodo = 4,2, DesempeñoPeriodo = ALTO }";0001678492;8003;80;4,2;ALTO;0001678492;8003;80;4,2;ALTO
"{ IdEstudiante = 0001678492, IdAsignatura = 8004, IdArea = 80, FinalPeriodo = 4,2, DesempeñoPeriodo = ALTO }";0001678492;8004;80;4,2;ALTO;0001678492;8004;80;4,2;ALTO
"{ IdEstudiante = 0001678492, IdAsignatura = 9001, IdArea = 90, FinalPeriodo = 4,0, DesempeñoPeriodo = ALTO }";0001678492;9001;90;4,0;ALTO;0001678492;9001;90;4,0;ALTO
"{ IdEstudiante = 0001678493, IdAsignatura = 1002, IdArea = 10, FinalPeriodo = 3,2, DesempeñoPeriodo = BASICO }";0001678493;1002;10;3,2;BASICO;0001678493;1002;10;3,2;BASICO
"{ IdEstudiante = 0001678493, IdAsignatura = 2001, IdArea = 20, FinalPeriodo = 4,6, DesempeñoPeriodo = SUPERIOR }";0001678493;2001;20;4,6;SUPERIOR;0001678493;2001;20;4,6;SUPERIOR
"{ IdEstudiante = 0001678493, IdAsignatura = 3001, IdArea = 30, FinalPeriodo = 4,0, DesempeñoPeriodo = ALTO }";0001678493;3001;30;4,0;ALTO;0001678493;3001;30;4,0;ALTO
"{ IdEstudiante = 0001678493, IdAsignatura = 4001, IdArea = 40, FinalPeriodo = 4,6, DesempeñoPeriodo = SUPERIOR }";0001678493;4001;40;4,6;SUPERIOR;0001678493;4001;40;4,6;SUPERIOR
"{ IdEstudiante = 0001678493, IdAsignatura = 5001, IdArea = 50, FinalPeriodo = 4,0, DesempeñoPeriodo = ALTO }";0001678493;5001;50;4,0;ALTO;0001678493;5001;50;4,0;ALTO
"{ IdEstudiante = 0001678493, IdAsignatura = 6001, IdArea = 60, FinalPeriodo = 5,0, DesempeñoPeriodo = SUPERIOR }";0001678493;6001;60;5,0;SUPERIOR;0001678493;6001;60;5,0;SUPERIOR
"{ IdEstudiante = 0001678493, IdAsignatura = 7001, IdArea = 70, FinalPeriodo = 4,5, DesempeñoPeriodo = ALTO }";0001678493;7001;70;4,5;ALTO;0001678493;7001;70;4,5;ALTO
"{ IdEstudiante = 0001678493, IdAsignatura = 7002, IdArea = 70, FinalPeriodo = 4,3, DesempeñoPeriodo = ALTO }";0001678493;7002;70;4,3;ALTO;0001678493;7002;70;4,3;ALTO
"{ IdEstudiante = 0001678493, IdAsignatura = 8002, IdArea = 80, FinalPeriodo = 4,3, DesempeñoPeriodo = ALTO }";0001678493;8002;80;4,3;ALTO;0001678493;8002;80;4,3;ALTO
"{ IdEstudiante = 0001678493, IdAsignatura = 8003, IdArea = 80, FinalPeriodo = 4,3, DesempeñoPeriodo = ALTO }";0001678493;8003;80;4,3;ALTO;0001678493;8003;80;4,3;ALTO
"{ IdEstudiante = 0001678493, IdAsignatura = 8004, IdArea = 80, FinalPeriodo = 4,3, DesempeñoPeriodo = ALTO }";0001678493;8004;80;4,3;ALTO;0001678493;8004;80;4,3;ALTO
"{ IdEstudiante = 0001678493, IdAsignatura = 9001, IdArea = 90, FinalPeriodo = 4,4, DesempeñoPeriodo = ALTO }";0001678493;9001;90;4,4;ALTO;0001678493;9001;90;4,4;ALTO
"{ IdEstudiante = 0001678494, IdAsignatura = 1002, IdArea = 10, FinalPeriodo = 3,5, DesempeñoPeriodo = BASICO }";0001678494;1002;10;3,5;BASICO;0001678494;1002;10;3,5;BASICO
"{ IdEstudiante = 0001678494, IdAsignatura = 2001, IdArea = 20, FinalPeriodo = 3,2, DesempeñoPeriodo = BASICO }";0001678494;2001;20;3,2;BASICO;0001678494;2001;20;3,2;BASICO
"{ IdEstudiante = 0001678494, IdAsignatura = 3001, IdArea = 30, FinalPeriodo = 4,0, DesempeñoPeriodo = ALTO }";0001678494;3001;30;4,0;ALTO;0001678494;3001;30;4,0;ALTO
"{ IdEstudiante = 0001678494, IdAsignatura = 4001, IdArea = 40, FinalPeriodo = 4,4, DesempeñoPeriodo = ALTO }";0001678494;4001;40;4,4;ALTO;0001678494;4001;40;4,4;ALTO
"{ IdEstudiante = 0001678494, IdAsignatura = 5001, IdArea = 50, FinalPeriodo = 4,0, DesempeñoPeriodo = ALTO }";0001678494;5001;50;4,0;ALTO;0001678494;5001;50;4,0;ALTO
"{ IdEstudiante = 0001678494, IdAsignatura = 6001, IdArea = 60, FinalPeriodo = 4,0, DesempeñoPeriodo = ALTO }";0001678494;6001;60;4,0;ALTO;0001678494;6001;60;4,0;ALTO
"{ IdEstudiante = 0001678494, IdAsignatura = 7001, IdArea = 70, FinalPeriodo = 3,0, DesempeñoPeriodo = BASICO }";0001678494;7001;70;3,0;BASICO;0001678494;7001;70;3,0;BASICO
"{ IdEstudiante = 0001678494, IdAsignatura = 7002, IdArea = 70, FinalPeriodo = 3,3, DesempeñoPeriodo = BASICO }";0001678494;7002;70;3,3;BASICO;0001678494;7002;70;3,3;BASICO
"{ IdEstudiante = 0001678494, IdAsignatura = 8002, IdArea = 80, FinalPeriodo = 3,1, DesempeñoPeriodo = BASICO }";0001678494;8002;80;3,1;BASICO;0001678494;8002;80;3,1;BASICO
"{ IdEstudiante = 0001678494, IdAsignatura = 8003, IdArea = 80, FinalPeriodo = 3,5, DesempeñoPeriodo = BASICO }";0001678494;8003;80;3,5;BASICO;0001678494;8003;80;3,5;BASICO
"{ IdEstudiante = 0001678494, IdAsignatura = 8004, IdArea = 80, FinalPeriodo = 3,5, DesempeñoPeriodo = BASICO }";0001678494;8004;80;3,5;BASICO;0001678494;8004;80;3,5;BASICO
"{ IdEstudiante = 0001678494, IdAsignatura = 9001, IdArea = 90, FinalPeriodo = 4,3, DesempeñoPeriodo = ALTO }";0001678494;9001;90;4,3;ALTO;0001678494;9001;90;4,3;ALTO
"{ IdEstudiante = 0001678495, IdAsignatura = 1002, IdArea = 10, FinalPeriodo = 2,0, DesempeñoPeriodo = BAJO }";0001678495;1002;10;2,0;BAJO;0001678495;1002;10;2,0;BAJO
"{ IdEstudiante = 0001678495, IdAsignatura = 2001, IdArea = 20, FinalPeriodo = 3,5, DesempeñoPeriodo = BASICO }";0001678495;2001;20;3,5;BASICO;0001678495;2001;20;3,5;BASICO
"{ IdEstudiante = 0001678495, IdAsignatura = 3001, IdArea = 30, FinalPeriodo = 4,0, DesempeñoPeriodo = ALTO }";0001678495;3001;30;4,0;ALTO;0001678495;3001;30;4,0;ALTO
"{ IdEstudiante = 0001678495, IdAsignatura = 4001, IdArea = 40, FinalPeriodo = 4,1, DesempeñoPeriodo = ALTO }";0001678495;4001;40;4,1;ALTO;0001678495;4001;40;4,1;ALTO
"{ IdEstudiante = 0001678495, IdAsignatura = 5001, IdArea = 50, FinalPeriodo = 4,0, DesempeñoPeriodo = ALTO }";0001678495;5001;50;4,0;ALTO;0001678495;5001;50;4,0;ALTO
"{ IdEstudiante = 0001678495, IdAsignatura = 6001, IdArea = 60, FinalPeriodo = 2,5, DesempeñoPeriodo = BAJO }";0001678495;6001;60;2,5;BAJO;0001678495;6001;60;2,5;BAJO
"{ IdEstudiante = 0001678495, IdAsignatura = 7001, IdArea = 70, FinalPeriodo = 3,2, DesempeñoPeriodo = BASICO }";0001678495;7001;70;3,2;BASICO;0001678495;7001;70;3,2;BASICO
"{ IdEstudiante = 0001678495, IdAsignatura = 7002, IdArea = 70, FinalPeriodo = 3,3, DesempeñoPeriodo = BASICO }";0001678495;7002;70;3,3;BASICO;0001678495;7002;70;3,3;BASICO
"{ IdEstudiante = 0001678495, IdAsignatura = 8002, IdArea = 80, FinalPeriodo = 3,7, DesempeñoPeriodo = BASICO }";0001678495;8002;80;3,7;BASICO;0001678495;8002;80;3,7;BASICO
"{ IdEstudiante = 0001678495, IdAsignatura = 8003, IdArea = 80, FinalPeriodo = 3,8, DesempeñoPeriodo = BASICO }";0001678495;8003;80;3,8;BASICO;0001678495;8003;80;3,8;BASICO
"{ IdEstudiante = 0001678495, IdAsignatura = 8004, IdArea = 80, FinalPeriodo = 3,8, DesempeñoPeriodo = BASICO }";0001678495;8004;80;3,8;BASICO;0001678495;8004;80;3,8;BASICO
"{ IdEstudiante = 0001678495, IdAsignatura = 9001, IdArea = 90, FinalPeriodo = 3,6, DesempeñoPeriodo = BASICO }";0001678495;9001;90;3,6;BASICO;0001678495;9001;90;3,6;BASICO
"{ IdEstudiante = 0001678496, IdAsignatura = 1002, IdArea = 10, FinalPeriodo = 4,0, DesempeñoPeriodo = ALTO }";0001678496;1002;10;4,0;ALTO;0001678496;1002;10;4,0;ALTO
"{ IdEstudiante = 0001678496, IdAsignatura = 2001, IdArea = 20, FinalPeriodo = 4,5, DesempeñoPeriodo = ALTO }";0001678496;2001;20;4,5;ALTO;0001678496;2001;20;4,5;ALTO
"{ IdEstudiante = 0001678496, IdAsignatura = 3001, IdArea = 30, FinalPeriodo = 4,0, DesempeñoPeriodo = ALTO }";0001678496;3001;30;4,0;ALTO;0001678496;3001;30;4,0;ALTO
"{ IdEstudiante = 0001678496, IdAsignatura = 4001, IdArea = 40, FinalPeriodo = 4,5, DesempeñoPeriodo = ALTO }";0001678496;4001;40;4,5;ALTO;0001678496;4001;40;4,5;ALTO
"{ IdEstudiante = 0001678496, IdAsignatura = 5001, IdArea = 50, FinalPeriodo = 4,0, DesempeñoPeriodo = ALTO }";0001678496;5001;50;4,0;ALTO;0001678496;5001;50;4,0;ALTO
"{ IdEstudiante = 0001678496, IdAsignatura = 6001, IdArea = 60, FinalPeriodo = 4,0, DesempeñoPeriodo = ALTO }";0001678496;6001;60;4,0;ALTO;0001678496;6001;60;4,0;ALTO
"{ IdEstudiante = 0001678496, IdAsignatura = 7001, IdArea = 70, FinalPeriodo = 3,6, DesempeñoPeriodo = BASICO }";0001678496;7001;70;3,6;BASICO;0001678496;7001;70;3,6;BASICO
"{ IdEstudiante = 0001678496, IdAsignatura = 7002, IdArea = 70, FinalPeriodo = 4,0, DesempeñoPeriodo = ALTO }";0001678496;7002;70;4,0;ALTO;0001678496;7002;70;4,0;ALTO
"{ IdEstudiante = 0001678496, IdAsignatura = 8002, IdArea = 80, FinalPeriodo = 4,6, DesempeñoPeriodo = SUPERIOR }";0001678496;8002;80;4,6;SUPERIOR;0001678496;8002;80;4,6;SUPERIOR
"{ IdEstudiante = 0001678496, IdAsignatura = 8003, IdArea = 80, FinalPeriodo = 4,2, DesempeñoPeriodo = ALTO }";0001678496;8003;80;4,2;ALTO;0001678496;8003;80;4,2;ALTO
"{ IdEstudiante = 0001678496, IdAsignatura = 8004, IdArea = 80, FinalPeriodo = 4,2, DesempeñoPeriodo = ALTO }";0001678496;8004;80;4,2;ALTO;0001678496;8004;80;4,2;ALTO
"{ IdEstudiante = 0001678496, IdAsignatura = 9001, IdArea = 90, FinalPeriodo = 3,9, DesempeñoPeriodo = BASICO }";0001678496;9001;90;3,9;BASICO;0001678496;9001;90;3,9;BASICO
"{ IdEstudiante = 0001678497, IdAsignatura = 1002, IdArea = 10, FinalPeriodo = 2,5, DesempeñoPeriodo = BAJO }";0001678497;1002;10;2,5;BAJO;0001678497;1002;10;2,5;BAJO
"{ IdEstudiante = 0001678497, IdAsignatura = 2001, IdArea = 20, FinalPeriodo = 3,8, DesempeñoPeriodo = BASICO }";0001678497;2001;20;3,8;BASICO;0001678497;2001;20;3,8;BASICO
"{ IdEstudiante = 0001678497, IdAsignatura = 3001, IdArea = 30, FinalPeriodo = 3,7, DesempeñoPeriodo = BASICO }";0001678497;3001;30;3,7;BASICO;0001678497;3001;30;3,7;BASICO
"{ IdEstudiante = 0001678497, IdAsignatura = 4001, IdArea = 40, FinalPeriodo = 4,6, DesempeñoPeriodo = SUPERIOR }";0001678497;4001;40;4,6;SUPERIOR;0001678497;4001;40;4,6;SUPERIOR
"{ IdEstudiante = 0001678497, IdAsignatura = 5001, IdArea = 50, FinalPeriodo = 3,1, DesempeñoPeriodo = BASICO }";0001678497;5001;50;3,1;BASICO;0001678497;5001;50;3,1;BASICO
"{ IdEstudiante = 0001678497, IdAsignatura = 6001, IdArea = 60, FinalPeriodo = 3,2, DesempeñoPeriodo = BASICO }";0001678497;6001;60;3,2;BASICO;0001678497;6001;60;3,2;BASICO
"{ IdEstudiante = 0001678497, IdAsignatura = 7001, IdArea = 70, FinalPeriodo = 3,2, DesempeñoPeriodo = BASICO }";0001678497;7001;70;3,2;BASICO;0001678497;7001;70;3,2;BASICO
"{ IdEstudiante = 0001678497, IdAsignatura = 7002, IdArea = 70, FinalPeriodo = 3,5, DesempeñoPeriodo = BASICO }";0001678497;7002;70;3,5;BASICO;0001678497;7002;70;3,5;BASICO
"{ IdEstudiante = 0001678497, IdAsignatura = 8002, IdArea = 80, FinalPeriodo = 3,8, DesempeñoPeriodo = BASICO }";0001678497;8002;80;3,8;BASICO;0001678497;8002;80;3,8;BASICO
"{ IdEstudiante = 0001678497, IdAsignatura = 8003, IdArea = 80, FinalPeriodo = 4,0, DesempeñoPeriodo = ALTO }";0001678497;8003;80;4,0;ALTO;0001678497;8003;80;4,0;ALTO
"{ IdEstudiante = 0001678497, IdAsignatura = 8004, IdArea = 80, FinalPeriodo = 4,0, DesempeñoPeriodo = ALTO }";0001678497;8004;80;4,0;ALTO;0001678497;8004;80;4,0;ALTO
"{ IdEstudiante = 0001678497, IdAsignatura = 9001, IdArea = 90, FinalPeriodo = 4,0, DesempeñoPeriodo = ALTO }";0001678497;9001;90;4,0;ALTO;0001678497;9001;90;4,0;ALTO
